target,n,binders,auroc,lo,hi,includes_chance,interpretable
15-PGDH,30,1,1.0,1.0,1.0,False,False
BBF-14,90,3,0.39846743295019155,0.0,0.7640449438202247,True,False
BHRF1,90,23,0.5528877352368592,0.41776291263883175,0.6801060110365369,True,True
Cas9,90,10,0.55375,0.35390946502057613,0.7546112804878046,True,True
EGFR,90,10,0.66875,0.4661489825581395,0.8571428571428571,True,True
IL-7Ra,90,49,0.7322050771528124,0.6146679501828873,0.8380327686176743,False,True
Latent GDF-8,60,14,0.9580745341614907,0.9,0.9980036178107606,False,True
Nipah-G,90,19,0.8309859154929577,0.6993888838779315,0.9401845238095238,False,True
PD-L1,90,39,0.8672699849170438,0.7852850399419027,0.940492242171485,False,True
RBX1,90,28,0.7540322580645161,0.6332035068426197,0.8603017416644078,False,True
TNFa,150,12,0.8756038647342995,0.7945973875661375,0.9470281713169797,False,True
TREM2,90,72,0.9444444444444444,0.845811413816312,0.998224436936937,False,True
TrkA,90,20,0.7942857142857143,0.6804108340286147,0.8939407978974324,False,True
VEGF-A,90,54,0.7191358024691358,0.6076534177171512,0.8204418995859213,False,True
