feature,family,pooled_auroc,auroc_lo,auroc_hi,within_target_auroc,auprc,n
ipsae_min_ptxv2,single-predictor ipSAE,0.6923798996385584,0.5950273945837252,0.7729735027031719,0.732964450235246,0.3791069160959637,1320
sc_dockq_ptxv2,single-predictor DockQ,0.6268728302576283,0.5367847202435156,0.718013544829505,0.574570795780905,0.3650882835431757,1154
ipsae_min_afm3,single-predictor ipSAE,0.7334817444485275,0.6479201888533833,0.8120757719727669,0.6759026704828967,0.45386866804513726,1230
sc_dockq_afm3,single-predictor DockQ,0.6894931989084926,0.5944333990677482,0.7735089837403399,0.6279137465857398,0.42357703274556524,1092
ipsae_min_boltz2,single-predictor ipSAE,0.6923009439590131,0.6180290278937887,0.7584341793295695,0.6752657247757626,0.3874668680457827,1320
sc_dockq_boltz2,single-predictor DockQ,0.6823687496193435,0.6118408847339765,0.7480044850453496,0.6691821895054416,0.4114292210096393,1154
ipsae_min_chai1,single-predictor ipSAE,0.7444116924588552,0.671214076775696,0.8017985442193486,0.6828403699792628,0.4596692878369892,1320
sc_dockq_chai1,single-predictor DockQ,0.6785374413788903,0.6059751127337533,0.7390910762809492,0.5973970111758765,0.40232876441846666,1154
ipsae_min_of3,single-predictor ipSAE,0.7413631259430817,0.6598501266419493,0.8072378644812425,0.7247954346382055,0.4658098258647362,1320
sc_dockq_of3,single-predictor DockQ,0.6788476764723795,0.6019340003866428,0.7396643754959196,0.6285199048784069,0.406630289088104,1154
ipsae_min_odde,single-predictor ipSAE,0.6964344199974266,0.5866516498561951,0.7858552152967295,0.7123195121518363,0.389549734079759,1320
sc_dockq_odde,single-predictor DockQ,0.6521788781289969,0.5721237779627497,0.7239061214694134,0.5815846634389799,0.38411272071009095,1154
ipsae_min_ef2fast,single-predictor ipSAE,0.7195026377045537,0.614835842281995,0.8024685514247253,0.6994041172101398,0.39897836489768995,1320
sc_dockq_ef2fast,single-predictor DockQ,0.6557475333455144,0.5677516993740052,0.7318416643377516,0.5858796177245561,0.40036301381271744,1154
ipsae_min_ef2full,single-predictor ipSAE,0.7205056672632206,0.6214576173151424,0.7976111132566596,0.7092531943075194,0.40637187367264943,1320
sc_dockq_ef2full,single-predictor DockQ,0.6318346884706743,0.5398031464527172,0.7100973530280009,0.5482947546712079,0.36251359837128794,1154
ipsae_min_rf3,single-predictor ipSAE,0.6884818284965668,0.5604993033283462,0.7914371640563715,0.7194742493187115,0.4119289682392467,1320
sc_dockq_rf3,single-predictor DockQ,0.6574928436567391,0.5723670288418199,0.7315332155374534,0.5810238901134536,0.3675900710084291,1154
ipsae_min_af3of3,single-predictor ipSAE,0.7096068592015533,0.6077519083904729,0.7902731217032407,0.69159421338025,0.403719838678584,1320
sc_dockq_af3of3,single-predictor DockQ,0.6552431634082465,0.5718333136732069,0.7270471073455421,0.6049804615607833,0.3801517081698918,1154
ipsae_mean,cross-predictor consensus,0.7640775052344693,0.6706324050432547,0.8389388666500588,0.7607066259935332,0.4844723937096269,1320
ipsae_median,cross-predictor consensus,0.7444994209916834,0.6460366499525471,0.8235913409753901,0.7526290054612733,0.43269802941282115,1320
ipsae_min_across,cross-predictor consensus,0.7423603069328936,0.6359709508730209,0.824265662461359,0.6976929880343165,0.4846510170769752,1320
ipsae_max_across,cross-predictor consensus,0.6901252763448784,0.5942603819639402,0.7721466067556222,0.7394568909560509,0.379306810540994,1320
ipsae_frac_above_0.5,cross-predictor consensus,0.7614310278274906,0.673627375090898,0.8340724716914271,0.735393265199421,0.4760226286793598,1320
dockq_mean,cross-predictor consensus,0.7114623302271759,0.6343517966220366,0.778540265260129,0.6461720236571296,0.4409077966144575,1154
ipsae_std_across,cross-predictor disagreement,0.3331695734053877,0.23323625746692805,0.4641659274116391,0.36977505128090565,0.19716018080773562,1320
binder_length,trivial baseline,0.5111298265314478,0.4598320457032685,0.568299888607368,0.5265765174169057,0.2919225689187191,1320
hydrophobic_fraction,trivial baseline,0.5494438011018703,0.49028685771328384,0.6128327751401601,0.5886150569920731,0.2948812055501917,1320
mean_hydropathy,trivial baseline,0.46376519165760144,0.3965144918762317,0.5375022757928215,0.5205625257085561,0.24193175123174873,1320
