full_name,binder_chain,target_chains,binder_has_side_chains,interface_dG,interface_dSASA,interface_dG_dSASA,n_interface_residues,packstat,error
mythos_preview_multi_target_egfr_rank28,Axp,Bxp,True,,,,,,"TypeError: __init__(): incompatible constructor arguments. The following argument types are supported:
    1. pyrosetta.rosetta.protocols.analysis.InterfaceAnalyzerMover()
    2. pyrosetta.rosetta.protocols.analysis.InterfaceAnalyzerMover(arg0: int)
    3. pyrosetta.rosetta.protocols.analysis.InterfaceAnalyzerMover(arg0: int, arg1: bool)
    4. pyrosetta.rosetta.protocols.analysis.InterfaceAnalyzerMover(arg0: int, arg1: bool, arg2: pyrosetta.rosetta.core.scoring.ScoreFunction)
    5. pyrosetta.rosetta.protocols.analysis.InterfaceAnalyzerMover(arg0: int, arg1: bool, arg2: pyrosetta.rosetta.core.scoring.ScoreFunction, arg3: bool)
    6. pyrosetta.rosetta.protocols.analysis.InterfaceAnalyzerMover(arg0: int, arg1: bool, arg2: pyrosetta.rosetta.core.scoring.ScoreFunction, arg3: bool, arg4: bool)
    7. pyrosetta.rosetta.protocols.analysis.InterfaceAnalyzerMover(arg0: int, arg1: bool, arg2: pyrosetta.rosetta.core.scoring.ScoreFunction, arg3: bool, arg4: bool, arg5: bool)
    8. pyrosetta.rosetta.protocols.analysis.InterfaceAnalyzerMover(arg0: int, arg1: bool, arg2: pyrosetta.rosetta.core.scoring.ScoreFunction, arg3: bool, arg4: bool, arg5: bool, arg6: bool)
    9. pyrosetta.rosetta.protocols.analysis.InterfaceAnalyzerMover(interface_jump: int, tracer: bool, sf: pyrosetta.rosetta.core.scoring.ScoreFunction, compute_packstat: bool, pack_input: bool, pack_separated: bool, use_jobname: bool, detect_disulfide_in_separated_pose: bool)
    10. pyrosetta.rosetta.protocols.analysis.InterfaceAnalyzerMover(arg0: pyrosetta.rosetta.std.set_int_t)
    11. pyrosetta.rosetta.protocols.analysis.InterfaceAnalyzerMover(arg0: pyrosetta.rosetta.std.set_int_t, arg1: bool)
    12. pyrosetta.rosetta.protocols.analysis.InterfaceAnalyzerMover(arg0: pyrosetta.rosetta.std.set_int_t, arg1: bool, arg2: pyrosetta.rosetta.core.scoring.ScoreFunction)
    13. pyrosetta.rosetta.protocols.analysis.InterfaceAnalyzerMover(arg0: pyrosetta.rosetta.std.set_int_t, arg1: bool, arg2: pyrosetta.rosetta.core.scoring.ScoreFunction, arg3: bool)
    14. pyrosetta.rosetta.protocols.analysis.InterfaceAnalyzerMover(arg0: pyrosetta.rosetta.std.set_int_t, arg1: bool, arg2: pyrosetta.rosetta.core.scoring.ScoreFunction, arg3: bool, arg4: bool)
    15. pyrosetta.rosetta.protocols.analysis.InterfaceAnalyzerMover(arg0: pyrosetta.rosetta.std.set_int_t, arg1: bool, arg2: pyrosetta.rosetta.core.scoring.ScoreFunction, arg3: bool, arg4: bool, arg5: bool)
    16. pyrosetta.rosetta.protocols.analysis.InterfaceAnalyzerMover(arg0: pyrosetta.rosetta.std.set_int_t, arg1: bool, arg2: pyrosetta.rosetta.core.scoring.ScoreFunction, arg3: bool, arg4: bool, arg5: bool, arg6: bool)
    17. pyrosetta.rosetta.protocols.analysis.InterfaceAnalyzerMover(fixed_chains: pyrosetta.rosetta.std.set_int_t, tracer: bool, sf: pyrosetta.rosetta.core.scoring.ScoreFunction, compute_packstat: bool, pack_input: bool, pack_separated: bool, use_jobname: bool, detect_disulfide_in_separated_pose: bool)
    18. pyrosetta.rosetta.protocols.analysis.InterfaceAnalyzerMover(arg0: pyrosetta.rosetta.core.pose.DockingPartners)
    19. pyrosetta.rosetta.protocols.analysis.InterfaceAnalyzerMover(arg0: pyrosetta.rosetta.core.pose.DockingPartners, arg1: bool)
    20. pyrosetta.rosetta.protocols.analysis.InterfaceAnalyzerMover(arg0: pyrosetta.rosetta.core.pose.DockingPartners, arg1: bool, arg2: pyrosetta.rosetta.core.scoring.ScoreFunction)
    21. pyrosetta.rosetta.protocols.analysis.InterfaceAnalyzerMover(arg0: pyrosetta.rosetta.core.pose.DockingPartners, arg1: bool, arg2: pyrosetta.rosetta.core.scoring.ScoreFunction, arg3: bool)
    22. pyrosetta.rosetta.protocols.analysis.InterfaceAnalyzerMover(arg0: pyrosetta.rosetta.core.pose.DockingPartners, arg1: bool, arg2: pyrosetta.rosetta.core.scoring.ScoreFunction, arg3: bool, arg4: bool)
    23. pyrosetta.rosetta.protocols.analysis.InterfaceAnalyzerMover(arg0: pyrosetta.rosetta.core.pose.DockingPartners, arg1: bool, arg2: pyrosetta.rosetta.core.scoring.ScoreFunction, arg3: bool, arg4: bool, arg5: bool)
    24. pyrosetta.rosetta.protocols.analysis.InterfaceAnalyzerMover(arg0: pyrosetta.rosetta.core.pose.DockingPartners, arg1: bool, arg2: pyrosetta.rosetta.core.scoring.ScoreFunction, arg3: bool, arg4: bool, arg5: bool, arg6: bool)
    25. pyrosetta.rosetta.protocols.analysis.InterfaceAnalyzerMover(dock_chains: pyrosetta.rosetta.core.pose.DockingPartners, tracer: bool, sf: pyrosetta.rosetta.core.scoring.ScoreFunction, compute_packstat: bool, pack_input: bool, pack_separated: bool, use_jobname: bool, detect_disulfide_in_separated_pose: bool)
    26. pyrosetta.rosetta.protocols.analysis.InterfaceAnalyzerMover(arg0: pyrosetta.rosetta.protocols.analysis.InterfaceAnalyzerMover)
    27. pyrosetta.rosetta.protocols.analysis.InterfaceAnalyzerMover(arg0: pyrosetta.rosetta.protocols.analysis.InterfaceAnalyzerMover)

Invoked with: 'Axp_Bxp'"
mythos_preview_multi_target_egfr_rank29,Axp,Bxp,True,,,,,,"TypeError: __init__(): incompatible constructor arguments. The following argument types are supported:
    1. pyrosetta.rosetta.protocols.analysis.InterfaceAnalyzerMover()
    2. pyrosetta.rosetta.protocols.analysis.InterfaceAnalyzerMover(arg0: int)
    3. pyrosetta.rosetta.protocols.analysis.InterfaceAnalyzerMover(arg0: int, arg1: bool)
    4. pyrosetta.rosetta.protocols.analysis.InterfaceAnalyzerMover(arg0: int, arg1: bool, arg2: pyrosetta.rosetta.core.scoring.ScoreFunction)
    5. pyrosetta.rosetta.protocols.analysis.InterfaceAnalyzerMover(arg0: int, arg1: bool, arg2: pyrosetta.rosetta.core.scoring.ScoreFunction, arg3: bool)
    6. pyrosetta.rosetta.protocols.analysis.InterfaceAnalyzerMover(arg0: int, arg1: bool, arg2: pyrosetta.rosetta.core.scoring.ScoreFunction, arg3: bool, arg4: bool)
    7. pyrosetta.rosetta.protocols.analysis.InterfaceAnalyzerMover(arg0: int, arg1: bool, arg2: pyrosetta.rosetta.core.scoring.ScoreFunction, arg3: bool, arg4: bool, arg5: bool)
    8. pyrosetta.rosetta.protocols.analysis.InterfaceAnalyzerMover(arg0: int, arg1: bool, arg2: pyrosetta.rosetta.core.scoring.ScoreFunction, arg3: bool, arg4: bool, arg5: bool, arg6: bool)
    9. pyrosetta.rosetta.protocols.analysis.InterfaceAnalyzerMover(interface_jump: int, tracer: bool, sf: pyrosetta.rosetta.core.scoring.ScoreFunction, compute_packstat: bool, pack_input: bool, pack_separated: bool, use_jobname: bool, detect_disulfide_in_separated_pose: bool)
    10. pyrosetta.rosetta.protocols.analysis.InterfaceAnalyzerMover(arg0: pyrosetta.rosetta.std.set_int_t)
    11. pyrosetta.rosetta.protocols.analysis.InterfaceAnalyzerMover(arg0: pyrosetta.rosetta.std.set_int_t, arg1: bool)
    12. pyrosetta.rosetta.protocols.analysis.InterfaceAnalyzerMover(arg0: pyrosetta.rosetta.std.set_int_t, arg1: bool, arg2: pyrosetta.rosetta.core.scoring.ScoreFunction)
    13. pyrosetta.rosetta.protocols.analysis.InterfaceAnalyzerMover(arg0: pyrosetta.rosetta.std.set_int_t, arg1: bool, arg2: pyrosetta.rosetta.core.scoring.ScoreFunction, arg3: bool)
    14. pyrosetta.rosetta.protocols.analysis.InterfaceAnalyzerMover(arg0: pyrosetta.rosetta.std.set_int_t, arg1: bool, arg2: pyrosetta.rosetta.core.scoring.ScoreFunction, arg3: bool, arg4: bool)
    15. pyrosetta.rosetta.protocols.analysis.InterfaceAnalyzerMover(arg0: pyrosetta.rosetta.std.set_int_t, arg1: bool, arg2: pyrosetta.rosetta.core.scoring.ScoreFunction, arg3: bool, arg4: bool, arg5: bool)
    16. pyrosetta.rosetta.protocols.analysis.InterfaceAnalyzerMover(arg0: pyrosetta.rosetta.std.set_int_t, arg1: bool, arg2: pyrosetta.rosetta.core.scoring.ScoreFunction, arg3: bool, arg4: bool, arg5: bool, arg6: bool)
    17. pyrosetta.rosetta.protocols.analysis.InterfaceAnalyzerMover(fixed_chains: pyrosetta.rosetta.std.set_int_t, tracer: bool, sf: pyrosetta.rosetta.core.scoring.ScoreFunction, compute_packstat: bool, pack_input: bool, pack_separated: bool, use_jobname: bool, detect_disulfide_in_separated_pose: bool)
    18. pyrosetta.rosetta.protocols.analysis.InterfaceAnalyzerMover(arg0: pyrosetta.rosetta.core.pose.DockingPartners)
    19. pyrosetta.rosetta.protocols.analysis.InterfaceAnalyzerMover(arg0: pyrosetta.rosetta.core.pose.DockingPartners, arg1: bool)
    20. pyrosetta.rosetta.protocols.analysis.InterfaceAnalyzerMover(arg0: pyrosetta.rosetta.core.pose.DockingPartners, arg1: bool, arg2: pyrosetta.rosetta.core.scoring.ScoreFunction)
    21. pyrosetta.rosetta.protocols.analysis.InterfaceAnalyzerMover(arg0: pyrosetta.rosetta.core.pose.DockingPartners, arg1: bool, arg2: pyrosetta.rosetta.core.scoring.ScoreFunction, arg3: bool)
    22. pyrosetta.rosetta.protocols.analysis.InterfaceAnalyzerMover(arg0: pyrosetta.rosetta.core.pose.DockingPartners, arg1: bool, arg2: pyrosetta.rosetta.core.scoring.ScoreFunction, arg3: bool, arg4: bool)
    23. pyrosetta.rosetta.protocols.analysis.InterfaceAnalyzerMover(arg0: pyrosetta.rosetta.core.pose.DockingPartners, arg1: bool, arg2: pyrosetta.rosetta.core.scoring.ScoreFunction, arg3: bool, arg4: bool, arg5: bool)
    24. pyrosetta.rosetta.protocols.analysis.InterfaceAnalyzerMover(arg0: pyrosetta.rosetta.core.pose.DockingPartners, arg1: bool, arg2: pyrosetta.rosetta.core.scoring.ScoreFunction, arg3: bool, arg4: bool, arg5: bool, arg6: bool)
    25. pyrosetta.rosetta.protocols.analysis.InterfaceAnalyzerMover(dock_chains: pyrosetta.rosetta.core.pose.DockingPartners, tracer: bool, sf: pyrosetta.rosetta.core.scoring.ScoreFunction, compute_packstat: bool, pack_input: bool, pack_separated: bool, use_jobname: bool, detect_disulfide_in_separated_pose: bool)
    26. pyrosetta.rosetta.protocols.analysis.InterfaceAnalyzerMover(arg0: pyrosetta.rosetta.protocols.analysis.InterfaceAnalyzerMover)
    27. pyrosetta.rosetta.protocols.analysis.InterfaceAnalyzerMover(arg0: pyrosetta.rosetta.protocols.analysis.InterfaceAnalyzerMover)

Invoked with: 'Axp_Bxp'"
mythos_preview_multi_target_egfr_rank30,Axp,Bxp,True,,,,,,"TypeError: __init__(): incompatible constructor arguments. The following argument types are supported:
    1. pyrosetta.rosetta.protocols.analysis.InterfaceAnalyzerMover()
    2. pyrosetta.rosetta.protocols.analysis.InterfaceAnalyzerMover(arg0: int)
    3. pyrosetta.rosetta.protocols.analysis.InterfaceAnalyzerMover(arg0: int, arg1: bool)
    4. pyrosetta.rosetta.protocols.analysis.InterfaceAnalyzerMover(arg0: int, arg1: bool, arg2: pyrosetta.rosetta.core.scoring.ScoreFunction)
    5. pyrosetta.rosetta.protocols.analysis.InterfaceAnalyzerMover(arg0: int, arg1: bool, arg2: pyrosetta.rosetta.core.scoring.ScoreFunction, arg3: bool)
    6. pyrosetta.rosetta.protocols.analysis.InterfaceAnalyzerMover(arg0: int, arg1: bool, arg2: pyrosetta.rosetta.core.scoring.ScoreFunction, arg3: bool, arg4: bool)
    7. pyrosetta.rosetta.protocols.analysis.InterfaceAnalyzerMover(arg0: int, arg1: bool, arg2: pyrosetta.rosetta.core.scoring.ScoreFunction, arg3: bool, arg4: bool, arg5: bool)
    8. pyrosetta.rosetta.protocols.analysis.InterfaceAnalyzerMover(arg0: int, arg1: bool, arg2: pyrosetta.rosetta.core.scoring.ScoreFunction, arg3: bool, arg4: bool, arg5: bool, arg6: bool)
    9. pyrosetta.rosetta.protocols.analysis.InterfaceAnalyzerMover(interface_jump: int, tracer: bool, sf: pyrosetta.rosetta.core.scoring.ScoreFunction, compute_packstat: bool, pack_input: bool, pack_separated: bool, use_jobname: bool, detect_disulfide_in_separated_pose: bool)
    10. pyrosetta.rosetta.protocols.analysis.InterfaceAnalyzerMover(arg0: pyrosetta.rosetta.std.set_int_t)
    11. pyrosetta.rosetta.protocols.analysis.InterfaceAnalyzerMover(arg0: pyrosetta.rosetta.std.set_int_t, arg1: bool)
    12. pyrosetta.rosetta.protocols.analysis.InterfaceAnalyzerMover(arg0: pyrosetta.rosetta.std.set_int_t, arg1: bool, arg2: pyrosetta.rosetta.core.scoring.ScoreFunction)
    13. pyrosetta.rosetta.protocols.analysis.InterfaceAnalyzerMover(arg0: pyrosetta.rosetta.std.set_int_t, arg1: bool, arg2: pyrosetta.rosetta.core.scoring.ScoreFunction, arg3: bool)
    14. pyrosetta.rosetta.protocols.analysis.InterfaceAnalyzerMover(arg0: pyrosetta.rosetta.std.set_int_t, arg1: bool, arg2: pyrosetta.rosetta.core.scoring.ScoreFunction, arg3: bool, arg4: bool)
    15. pyrosetta.rosetta.protocols.analysis.InterfaceAnalyzerMover(arg0: pyrosetta.rosetta.std.set_int_t, arg1: bool, arg2: pyrosetta.rosetta.core.scoring.ScoreFunction, arg3: bool, arg4: bool, arg5: bool)
    16. pyrosetta.rosetta.protocols.analysis.InterfaceAnalyzerMover(arg0: pyrosetta.rosetta.std.set_int_t, arg1: bool, arg2: pyrosetta.rosetta.core.scoring.ScoreFunction, arg3: bool, arg4: bool, arg5: bool, arg6: bool)
    17. pyrosetta.rosetta.protocols.analysis.InterfaceAnalyzerMover(fixed_chains: pyrosetta.rosetta.std.set_int_t, tracer: bool, sf: pyrosetta.rosetta.core.scoring.ScoreFunction, compute_packstat: bool, pack_input: bool, pack_separated: bool, use_jobname: bool, detect_disulfide_in_separated_pose: bool)
    18. pyrosetta.rosetta.protocols.analysis.InterfaceAnalyzerMover(arg0: pyrosetta.rosetta.core.pose.DockingPartners)
    19. pyrosetta.rosetta.protocols.analysis.InterfaceAnalyzerMover(arg0: pyrosetta.rosetta.core.pose.DockingPartners, arg1: bool)
    20. pyrosetta.rosetta.protocols.analysis.InterfaceAnalyzerMover(arg0: pyrosetta.rosetta.core.pose.DockingPartners, arg1: bool, arg2: pyrosetta.rosetta.core.scoring.ScoreFunction)
    21. pyrosetta.rosetta.protocols.analysis.InterfaceAnalyzerMover(arg0: pyrosetta.rosetta.core.pose.DockingPartners, arg1: bool, arg2: pyrosetta.rosetta.core.scoring.ScoreFunction, arg3: bool)
    22. pyrosetta.rosetta.protocols.analysis.InterfaceAnalyzerMover(arg0: pyrosetta.rosetta.core.pose.DockingPartners, arg1: bool, arg2: pyrosetta.rosetta.core.scoring.ScoreFunction, arg3: bool, arg4: bool)
    23. pyrosetta.rosetta.protocols.analysis.InterfaceAnalyzerMover(arg0: pyrosetta.rosetta.core.pose.DockingPartners, arg1: bool, arg2: pyrosetta.rosetta.core.scoring.ScoreFunction, arg3: bool, arg4: bool, arg5: bool)
    24. pyrosetta.rosetta.protocols.analysis.InterfaceAnalyzerMover(arg0: pyrosetta.rosetta.core.pose.DockingPartners, arg1: bool, arg2: pyrosetta.rosetta.core.scoring.ScoreFunction, arg3: bool, arg4: bool, arg5: bool, arg6: bool)
    25. pyrosetta.rosetta.protocols.analysis.InterfaceAnalyzerMover(dock_chains: pyrosetta.rosetta.core.pose.DockingPartners, tracer: bool, sf: pyrosetta.rosetta.core.scoring.ScoreFunction, compute_packstat: bool, pack_input: bool, pack_separated: bool, use_jobname: bool, detect_disulfide_in_separated_pose: bool)
    26. pyrosetta.rosetta.protocols.analysis.InterfaceAnalyzerMover(arg0: pyrosetta.rosetta.protocols.analysis.InterfaceAnalyzerMover)
    27. pyrosetta.rosetta.protocols.analysis.InterfaceAnalyzerMover(arg0: pyrosetta.rosetta.protocols.analysis.InterfaceAnalyzerMover)

Invoked with: 'Axp_Bxp'"
