metric,auroc_alone,conditional_difference,ci_lo,ci_hi,distinguishable
n_atom_contacts,0.5299554323236817,-0.0027329426233303478,-0.007402819070098954,0.00020083881810465553,False
n_epitope_residues,0.5156712640707976,-0.021064478050419555,-0.045202299012534315,0.0022157403499172327,False
n_paratope_residues,0.5278394611320587,-0.008156207088116041,-0.023841458438493685,0.0067810194205697805,False
bsa_total,0.5232239313842303,-0.009864347792625572,-0.02472943035192781,0.003912449738797489,False
bsa_binder,0.5362080388270875,-0.009911917479462184,-0.025015661526989717,0.003574145193187081,False
bsa_hydrophobic_fraction,0.5225841206968577,-0.00403834689069571,-0.009895176093671873,0.0016778560468247866,False
contact_density,0.5209681847970901,-0.0034311942775667736,-0.008023974920847035,0.0005060723063651765,False
interface_hydrophobic_fraction,0.5576705028554151,-0.033908986304015065,-0.06155868156532811,-0.011370176214940365,True
interface_charged_fraction,0.44239341318263603,-0.02827904847410867,-0.05441987442725772,-0.002394438690172821,True
binder_exposed_hydrophobic_sasa,0.5692394915000826,0.0007869220801417498,-0.004403943951802833,0.007130227995192669,False
radius_of_gyration,0.508308407815552,-0.005840769929350786,-0.013069947921699457,2.0202931588191704e-05,False
n_clashes,0.49528373232508605,0.0018482860954126545,-0.0049931563503149475,0.010759622728040187,False
min_interface_distance,0.5004346124358172,-0.004305836839702759,-0.015364762547190033,0.005402684972839552,False
