design_id,radius_of_gyration,frac_helix,frac_sheet,frac_loop,mpnn_recovery,bsa,n_contacts,n_hbonds,n_salt_bridges,shape_complementarity,max_hydrophobic_patch,net_charge,pi,n_cys,n_unpaired_cys,n_glyc_sequons,n_deamidation_motifs,n_isomerisation_motifs,max_lowcomplexity_run,aggregation_propensity,frac_nonstandard,iptm,ipsae,pae_int,plddt_iface,plddt_mono,rmsd_sc,mocked,seed_agreement_iptm,seed_agreement_pae
bb_55_00_t0.1_0,10.09,0.7,0.0,0.3,,,,,,,2.72,-0.003,7.29,0,0,2,0,0,2,0.3273,0.0,0.9215,0.8919,3.047,87.96,97.94,1.437,True,0.0,0.0
bb_55_00_t0.1_1,10.09,0.7,0.0,0.3,,,,,,,2.16,-2.004,4.52,0,0,1,0,0,2,0.2727,0.0,0.4707,0.3845,7.637,41.0,60.68,1.816,True,0.0,0.0
bb_55_00_t0.2_0,10.09,0.7,0.0,0.3,,,,,,,2.66,-1.397,5.48,3,1,0,0,0,2,0.4,0.0,0.7548,0.7067,3.765,76.92,86.73,2.628,True,0.0,0.0
bb_55_00_t0.2_1,10.09,0.7,0.0,0.3,,,,,,,1.32,-1.002,6.48,1,1,0,0,0,2,0.3636,0.0,0.6781,0.64,7.238,60.2,68.08,2.393,True,0.0,0.0
bb_55_00_t0.3_0,10.09,0.7,0.0,0.3,,,,,,,1.7,2.813,9.23,2,0,0,0,0,2,0.3091,0.0,0.6539,0.5647,7.219,57.46,70.47,2.48,True,0.0,0.0
bb_55_00_t0.3_1,10.09,0.7,0.0,0.3,,,,,,,2.16,-1.062,6.68,2,0,0,0,0,1,0.3636,0.0,0.6802,0.5848,4.044,64.32,74.96,1.702,True,0.0,0.0
bb_55_01_t0.1_0,10.09,0.25,0.4,0.35,,,,,,,2.18,0.994,9.46,0,0,0,0,0,2,0.2182,0.0,0.8488,0.773,3.783,78.42,88.88,2.31,True,0.0,0.0
bb_55_01_t0.1_1,10.09,0.25,0.4,0.35,,,,,,,3.68,0.994,9.68,0,0,0,2,0,2,0.2727,0.0,0.6129,0.5849,12.886,57.09,63.42,1.536,True,0.0,0.0
bb_55_01_t0.2_0,10.09,0.25,0.4,0.35,,,,,,,1.2,2.778,9.36,2,0,0,0,0,2,0.3273,0.0,0.5096,0.5014,8.207,47.52,51.6,2.135,True,0.0,0.0
bb_55_01_t0.2_1,10.09,0.25,0.4,0.35,,,,,,,3.4,-1.969,4.65,0,0,0,0,1,2,0.4545,0.0,0.4372,0.3693,8.923,36.94,44.32,0.564,True,0.0,0.0
bb_55_01_t0.3_0,10.09,0.25,0.4,0.35,,,,,,,2.24,-0.44,6.17,3,1,0,0,0,3,0.4364,0.0,0.2582,0.2365,5.352,23.83,34.75,1.0,True,0.0,0.0
bb_55_01_t0.3_1,10.09,0.25,0.4,0.35,,,,,,,3.36,2.495,8.57,4,0,0,0,0,2,0.3455,0.0,0.6256,0.5682,9.734,55.51,72.37,1.344,True,0.0,0.0
bb_55_02_t0.1_0,10.09,0.7,0.0,0.3,,,,,,,1.24,-3.005,4.36,0,0,1,0,0,2,0.1818,0.0,0.6984,0.6634,8.548,65.24,76.31,2.656,True,0.0,0.0
bb_55_02_t0.1_1,10.09,0.7,0.0,0.3,,,,,,,1.72,2.995,10.4,0,0,0,0,0,2,0.2909,0.0,0.5486,0.4997,5.467,46.17,56.8,2.014,True,0.0,0.0
bb_55_02_t0.2_0,10.09,0.7,0.0,0.3,,,,,,,2.78,-1.216,6.05,2,0,0,0,0,2,0.4364,0.0,0.9064,0.8346,2.846,84.3,98.0,0.653,True,0.0,0.0
bb_55_02_t0.2_1,10.09,0.7,0.0,0.3,,,,,,,1.28,-2.051,6.58,3,1,0,0,0,2,0.4182,0.0,0.5146,0.5011,5.804,52.35,59.74,1.606,True,0.0,0.0
bb_55_02_t0.3_0,10.09,0.7,0.0,0.3,,,,,,,2.18,3.418,8.99,4,0,0,0,0,2,0.3273,0.0,0.6091,0.5446,4.223,51.18,65.38,0.396,True,0.0,0.0
bb_55_02_t0.3_1,10.09,0.7,0.0,0.3,,,,,,,2.62,-4.543,4.32,4,0,0,0,0,2,0.4545,0.0,0.7195,0.6338,6.419,63.41,72.19,1.543,True,0.0,0.0
bb_55_03_t0.1_0,10.09,0.25,0.4,0.35,,,,,,,2.1,-0.005,7.19,0,0,0,0,0,2,0.3455,0.0,0.6685,0.6158,6.754,66.88,76.37,2.205,True,0.0,0.0
bb_55_03_t0.1_1,10.09,0.25,0.4,0.35,,,,,,,2.5,-4.005,4.14,0,0,1,1,0,2,0.2364,0.0,0.8045,0.6956,5.84,74.06,80.7,0.85,True,0.0,0.0
bb_55_03_t0.2_0,10.09,0.25,0.4,0.35,,,,,,,2.56,-1.821,6.2,0,0,1,0,0,2,0.3818,0.0,0.6571,0.6259,6.037,61.22,66.65,1.183,True,0.0,0.0
bb_55_03_t0.2_1,10.09,0.25,0.4,0.35,,,,,,,1.26,3.7,9.61,2,0,0,0,0,2,0.4,0.0,0.4969,0.4592,8.447,43.28,49.93,0.807,True,0.0,0.0
bb_55_03_t0.3_0,10.09,0.25,0.4,0.35,,,,,,,2.44,-1.178,6.3,2,0,0,0,0,2,0.3636,0.0,0.98,0.9578,3.811,91.13,97.65,0.523,True,0.0,0.0
bb_55_03_t0.3_1,10.09,0.25,0.4,0.35,,,,,,,2.3,3.928,8.38,8,0,1,0,0,2,0.2545,0.0,0.4317,0.4162,10.858,37.14,47.94,0.896,True,0.0,0.0
bb_87_00_t0.1_0,12.01,0.7,0.0,0.3,,,,,,,3.3,3.996,10.69,0,0,2,2,0,2,0.2184,0.0,0.5523,0.521,5.504,55.03,53.58,0.53,True,0.0,0.0
bb_87_00_t0.1_1,12.01,0.7,0.0,0.3,,,,,,,3.76,-6.003,4.19,0,0,0,0,0,3,0.2529,0.0,0.2003,0.102,24.357,20.0,24.41,0.878,True,0.0,0.0
bb_87_00_t0.2_0,12.01,0.7,0.0,0.3,,,,,,,3.22,1.471,8.0,5,1,2,0,0,2,0.2989,0.0,0.6263,0.6029,1.482,58.93,70.07,2.713,True,0.0,0.0
bb_87_00_t0.2_1,12.01,0.7,0.0,0.3,,,,,,,3.9,-0.321,7.09,3,1,1,0,1,2,0.4138,0.0,0.6275,0.624,9.179,65.38,72.8,1.5,True,0.0,0.0
bb_87_00_t0.3_0,12.01,0.7,0.0,0.3,,,,,,,2.56,-2.573,6.0,5,1,0,0,0,2,0.3218,0.0,0.4261,0.4049,10.269,42.99,48.17,1.481,True,0.0,0.0
bb_87_00_t0.3_1,12.01,0.7,0.0,0.3,,,,,,,2.14,1.107,8.58,1,1,1,0,1,2,0.3793,0.0,0.5117,0.492,7.549,48.92,57.12,0.362,True,0.0,0.0
bb_87_01_t0.1_0,12.01,0.25,0.4,0.35,,,,,,,1.78,-4.003,4.44,0,0,2,0,0,2,0.2184,0.0,0.1836,0.1754,12.436,20.0,27.34,2.123,True,0.0,0.0
bb_87_01_t0.1_1,12.01,0.25,0.4,0.35,,,,,,,1.68,4.992,10.26,0,0,1,0,0,2,0.2069,0.0,0.6821,0.5606,8.455,63.61,75.71,2.13,True,0.0,0.0
bb_87_01_t0.2_0,12.01,0.25,0.4,0.35,,,,,,,2.48,-4.78,5.74,7,1,1,0,1,2,0.3563,0.0,0.6149,0.5402,6.238,60.94,63.12,0.366,True,0.0,0.0
bb_87_01_t0.2_1,12.01,0.25,0.4,0.35,,,,,,,2.38,3.491,8.95,4,0,1,0,0,2,0.3333,0.0,0.716,0.6902,3.769,71.83,78.52,3.2,True,0.0,0.0
bb_87_01_t0.3_0,12.01,0.25,0.4,0.35,,,,,,,2.56,-6.842,5.6,8,0,1,1,0,2,0.3448,0.0,0.6944,0.6214,6.786,62.3,78.11,1.445,True,0.0,0.0
bb_87_01_t0.3_1,12.01,0.25,0.4,0.35,,,,,,,2.46,2.036,9.33,1,1,0,0,0,2,0.3793,0.0,0.6186,0.5477,9.483,56.69,60.7,1.551,True,0.0,0.0
bb_87_02_t0.1_0,12.01,0.7,0.0,0.3,,,,,,,2.8,-6.003,4.05,0,0,0,1,0,2,0.3103,0.0,0.3107,0.3027,12.366,24.24,35.41,1.393,True,0.0,0.0
bb_87_02_t0.1_1,12.01,0.7,0.0,0.3,,,,,,,3.28,-4.003,4.44,0,0,2,1,0,2,0.2874,0.0,0.4106,0.3204,8.098,34.04,50.21,0.29,True,0.0,0.0
bb_87_02_t0.2_0,12.01,0.7,0.0,0.3,,,,,,,2.52,-7.61,4.21,5,1,0,0,0,2,0.3678,0.0,0.5759,0.5173,12.2,56.34,57.71,1.949,True,0.0,0.0
bb_87_02_t0.2_1,12.01,0.7,0.0,0.3,,,,,,,1.9,-2.599,6.38,6,0,2,0,0,3,0.3333,0.0,0.2518,0.242,12.612,23.89,27.1,0.177,True,0.0,0.0
bb_87_02_t0.3_0,12.01,0.7,0.0,0.3,,,,,,,1.94,-4.814,5.59,7,1,1,0,0,3,0.2184,0.0,0.7569,0.7535,4.965,73.64,77.82,1.546,True,0.0,0.0
bb_87_02_t0.3_1,12.01,0.7,0.0,0.3,,,,,,,1.9,1.207,7.87,6,0,1,1,1,3,0.3333,0.0,0.9212,0.9082,4.198,87.84,98.0,1.665,True,0.0,0.0
bb_87_03_t0.1_0,12.01,0.25,0.4,0.35,,,,,,,1.66,6.991,10.54,0,0,2,2,0,3,0.3333,0.0,0.5267,0.4938,7.089,45.47,64.18,1.48,True,0.0,0.0
bb_87_03_t0.1_1,12.01,0.25,0.4,0.35,,,,,,,1.42,-1.003,5.3,0,0,0,1,0,2,0.1724,0.0,0.5086,0.4685,4.69,46.15,58.35,1.561,True,0.0,0.0
bb_87_03_t0.2_0,12.01,0.25,0.4,0.35,,,,,,,3.38,6.963,9.15,8,0,0,1,0,3,0.3448,0.0,0.5832,0.4837,2.837,51.54,61.19,0.031,True,0.0,0.0
bb_87_03_t0.2_1,12.01,0.25,0.4,0.35,,,,,,,2.62,-0.532,7.09,5,1,0,0,0,2,0.3333,0.0,0.4693,0.4258,13.274,36.75,52.78,0.643,True,0.0,0.0
bb_87_03_t0.3_0,12.01,0.25,0.4,0.35,,,,,,,2.98,-8.244,4.43,3,1,0,0,3,2,0.4138,0.0,0.5992,0.5619,7.044,56.77,66.96,2.42,True,0.0,0.0
bb_87_03_t0.3_1,12.01,0.25,0.4,0.35,,,,,,,2.84,-4.1,5.57,2,0,2,0,0,3,0.3448,0.0,0.6573,0.647,4.951,56.6,73.31,0.504,True,0.0,0.0
bb_120_00_t0.1_0,13.57,0.7,0.0,0.3,,,,,,,2.58,0.993,9.27,0,0,0,1,0,2,0.3083,0.0,0.5509,0.4758,8.751,49.43,54.08,0.869,True,0.0,0.0
bb_120_00_t0.1_1,13.57,0.7,0.0,0.3,,,,,,,4.1,-7.003,4.43,0,0,1,1,0,3,0.1917,0.0,0.649,0.5543,3.381,59.18,75.43,0.343,True,0.0,0.0
bb_120_00_t0.2_0,13.57,0.7,0.0,0.3,,,,,,,1.68,0.996,7.71,8,0,0,2,0,2,0.3167,0.0,0.4519,0.381,6.153,39.23,53.0,1.42,True,0.0,0.0
bb_120_00_t0.2_1,13.57,0.7,0.0,0.3,,,,,,,2.7,-10.704,4.86,7,1,0,0,0,3,0.3667,0.0,0.98,0.9785,3.435,94.56,94.92,1.833,True,0.0,0.0
bb_120_00_t0.3_0,13.57,0.7,0.0,0.3,,,,,,,2.04,4.254,8.51,7,1,0,0,0,3,0.2917,0.0,0.5078,0.4792,7.151,48.19,51.32,0.522,True,0.0,0.0
bb_120_00_t0.3_1,13.57,0.7,0.0,0.3,,,,,,,3.0,8.388,10.13,5,1,0,0,1,2,0.375,0.0,0.7701,0.7579,3.466,71.64,81.27,0.172,True,0.0,0.0
bb_120_01_t0.1_0,13.57,0.25,0.4,0.35,,,,,,,4.24,3.995,10.33,0,0,1,3,0,3,0.275,0.0,0.103,0.0564,17.01,20.0,20.0,0.794,True,0.0,0.0
bb_120_01_t0.1_1,13.57,0.25,0.4,0.35,,,,,,,2.58,-0.002,7.35,0,0,1,0,0,2,0.2833,0.0,0.4616,0.4016,3.278,38.31,48.6,0.776,True,0.0,0.0
bb_120_01_t0.2_0,13.57,0.25,0.4,0.35,,,,,,,1.86,1.528,8.14,4,0,0,0,1,2,0.3583,0.0,0.5905,0.5757,6.37,56.1,63.03,3.105,True,0.0,0.0
bb_120_01_t0.2_1,13.57,0.25,0.4,0.35,,,,,,,2.34,1.174,7.79,7,1,0,0,0,2,0.3,0.0,0.526,0.516,8.27,50.95,56.34,2.031,True,0.0,0.0
bb_120_01_t0.3_0,13.57,0.25,0.4,0.35,,,,,,,2.56,-4.254,5.61,3,1,0,0,1,2,0.4333,0.0,0.738,0.6726,3.858,68.66,82.53,1.037,True,0.0,0.0
bb_120_01_t0.3_1,13.57,0.25,0.4,0.35,,,,,,,1.76,5.771,9.82,2,0,2,0,0,3,0.325,0.0,0.4958,0.4892,15.334,47.39,53.23,1.954,True,0.0,0.0
bb_120_02_t0.1_0,13.57,0.7,0.0,0.3,,,,,,,3.18,-11.999,3.95,0,0,1,2,0,3,0.35,0.0,0.5974,0.5034,7.337,51.96,64.64,2.194,True,0.0,0.0
bb_120_02_t0.1_1,13.57,0.7,0.0,0.3,,,,,,,2.28,-2.004,4.95,0,0,2,1,0,2,0.225,0.0,0.3754,0.3581,12.54,37.26,42.79,0.431,True,0.0,0.0
bb_120_02_t0.2_0,13.57,0.7,0.0,0.3,,,,,,,2.46,3.896,9.14,3,1,0,0,0,2,0.3917,0.0,0.3958,0.3234,11.516,32.32,59.19,1.866,True,0.0,0.0
bb_120_02_t0.2_1,13.57,0.7,0.0,0.3,,,,,,,2.84,-4.216,5.76,3,1,0,0,1,2,0.375,0.0,0.9511,0.7955,3.654,87.14,98.0,0.516,True,0.0,0.0
bb_120_02_t0.3_0,13.57,0.7,0.0,0.3,,,,,,,2.64,-0.524,7.18,6,0,0,1,0,2,0.2917,0.0,0.486,0.4002,10.225,45.87,58.49,1.837,True,0.0,0.0
bb_120_02_t0.3_1,13.57,0.7,0.0,0.3,,,,,,,3.72,-0.107,7.36,9,1,0,0,0,3,0.4333,0.0,0.5228,0.4808,9.599,47.95,58.15,2.159,True,0.0,0.0
bb_120_03_t0.1_0,13.57,0.25,0.4,0.35,,,,,,,3.24,14.986,11.03,0,0,2,1,0,3,0.325,0.0,0.5944,0.5662,3.343,58.27,67.03,2.26,True,0.0,0.0
bb_120_03_t0.1_1,13.57,0.25,0.4,0.35,,,,,,,2.86,10.993,10.89,0,0,2,1,0,2,0.2167,0.0,0.7363,0.7137,7.15,71.3,76.97,1.2,True,0.0,0.0
bb_120_03_t0.2_0,13.57,0.25,0.4,0.35,,,,,,,3.5,5.098,8.74,7,1,1,0,0,2,0.4667,0.0,0.559,0.5027,7.914,48.05,66.96,1.488,True,0.0,0.0
bb_120_03_t0.2_1,13.57,0.25,0.4,0.35,,,,,,,1.84,-5.283,5.44,10,0,0,1,0,2,0.2583,0.0,0.7855,0.7009,5.156,71.55,77.13,1.329,True,0.0,0.0
bb_120_03_t0.3_0,13.57,0.25,0.4,0.35,,,,,,,2.76,-9.268,4.97,4,0,1,2,0,2,0.2833,0.0,0.7552,0.5995,5.193,77.02,82.39,1.154,True,0.0,0.0
bb_120_03_t0.3_1,13.57,0.25,0.4,0.35,,,,,,,2.2,1.112,8.12,2,0,2,1,0,2,0.3667,0.0,0.9186,0.917,5.305,89.84,93.87,0.966,True,0.0,0.0
