design_id,best_seq_identity,seq_hit,best_tm,struct_hit,batch_cluster,passed,reason
bb_55_00_t0.1_0,0.1636,EGF_HUMAN_P01133,,,0,True,"passed: best identity 16.4% to EGF_HUMAN_P01133, cluster 0; structural novelty NOT CHECKED (no Foldseek/TM comparison available)"
bb_55_00_t0.1_1,0.1273,EGFR_target,,,1,True,"passed: best identity 12.7% to EGFR_target, cluster 1; structural novelty NOT CHECKED (no Foldseek/TM comparison available)"
bb_55_00_t0.2_0,0.2545,EREG_HUMAN_O14944,,,2,False,REJECTED as resembling a known binder: 25.4% identity to EREG_HUMAN_O14944 exceeds the 25% known-binder cutoff; structural novelty NOT CHECKED (no Foldseek/TM comparison available)
bb_55_00_t0.2_1,0.1636,EGFR_target,,,3,True,"passed: best identity 16.4% to EGFR_target, cluster 3; structural novelty NOT CHECKED (no Foldseek/TM comparison available)"
bb_55_00_t0.3_0,0.2364,EGFR_target,,,4,True,"passed: best identity 23.6% to EGFR_target, cluster 4; structural novelty NOT CHECKED (no Foldseek/TM comparison available)"
bb_55_00_t0.3_1,0.1455,EGF_HUMAN_P01133,,,5,True,"passed: best identity 14.5% to EGF_HUMAN_P01133, cluster 5; structural novelty NOT CHECKED (no Foldseek/TM comparison available)"
bb_55_01_t0.1_0,0.1455,EREG_HUMAN_O14944,,,6,True,"passed: best identity 14.5% to EREG_HUMAN_O14944, cluster 6; structural novelty NOT CHECKED (no Foldseek/TM comparison available)"
bb_55_01_t0.1_1,0.1818,TGFA_HUMAN_P01135,,,7,True,"passed: best identity 18.2% to TGFA_HUMAN_P01135, cluster 7; structural novelty NOT CHECKED (no Foldseek/TM comparison available)"
bb_55_01_t0.2_0,0.2545,EGFR_target,,,8,True,"passed: best identity 25.4% to EGFR_target, cluster 8; structural novelty NOT CHECKED (no Foldseek/TM comparison available)"
bb_55_01_t0.2_1,0.1273,EGFR_target,,,9,True,"passed: best identity 12.7% to EGFR_target, cluster 9; structural novelty NOT CHECKED (no Foldseek/TM comparison available)"
bb_55_01_t0.3_0,0.1273,EGF_HUMAN_P01133,,,10,True,"passed: best identity 12.7% to EGF_HUMAN_P01133, cluster 10; structural novelty NOT CHECKED (no Foldseek/TM comparison available)"
bb_55_01_t0.3_1,0.1091,EGFR_target,,,11,True,"passed: best identity 10.9% to EGFR_target, cluster 11; structural novelty NOT CHECKED (no Foldseek/TM comparison available)"
bb_55_02_t0.1_0,0.1636,EGF_HUMAN_P01133,,,12,True,"passed: best identity 16.4% to EGF_HUMAN_P01133, cluster 12; structural novelty NOT CHECKED (no Foldseek/TM comparison available)"
bb_55_02_t0.1_1,0.2364,TGFA_HUMAN_P01135,,,13,True,"passed: best identity 23.6% to TGFA_HUMAN_P01135, cluster 13; structural novelty NOT CHECKED (no Foldseek/TM comparison available)"
bb_55_02_t0.2_0,0.1818,EGF_HUMAN_P01133,,,14,True,"passed: best identity 18.2% to EGF_HUMAN_P01133, cluster 14; structural novelty NOT CHECKED (no Foldseek/TM comparison available)"
bb_55_02_t0.2_1,0.2545,EGF_HUMAN_P01133,,,15,False,REJECTED as resembling a known binder: 25.4% identity to EGF_HUMAN_P01133 exceeds the 25% known-binder cutoff; structural novelty NOT CHECKED (no Foldseek/TM comparison available)
bb_55_02_t0.3_0,0.0909,EGFR_target,,,16,True,"passed: best identity 9.1% to EGFR_target, cluster 16; structural novelty NOT CHECKED (no Foldseek/TM comparison available)"
bb_55_02_t0.3_1,0.1636,EGFR_target,,,17,True,"passed: best identity 16.4% to EGFR_target, cluster 17; structural novelty NOT CHECKED (no Foldseek/TM comparison available)"
bb_55_03_t0.1_0,0.2182,EGF_HUMAN_P01133,,,18,True,"passed: best identity 21.8% to EGF_HUMAN_P01133, cluster 18; structural novelty NOT CHECKED (no Foldseek/TM comparison available)"
bb_55_03_t0.1_1,0.1636,EGF_HUMAN_P01133,,,19,True,"passed: best identity 16.4% to EGF_HUMAN_P01133, cluster 19; structural novelty NOT CHECKED (no Foldseek/TM comparison available)"
bb_55_03_t0.2_0,0.1636,EGFR_target,,,20,True,"passed: best identity 16.4% to EGFR_target, cluster 20; structural novelty NOT CHECKED (no Foldseek/TM comparison available)"
bb_55_03_t0.2_1,0.1818,EGF_HUMAN_P01133,,,21,True,"passed: best identity 18.2% to EGF_HUMAN_P01133, cluster 21; structural novelty NOT CHECKED (no Foldseek/TM comparison available)"
bb_55_03_t0.3_0,0.1273,EGFR_target,,,22,True,"passed: best identity 12.7% to EGFR_target, cluster 22; structural novelty NOT CHECKED (no Foldseek/TM comparison available)"
bb_55_03_t0.3_1,0.1273,EGF_HUMAN_P01133,,,23,True,"passed: best identity 12.7% to EGF_HUMAN_P01133, cluster 23; structural novelty NOT CHECKED (no Foldseek/TM comparison available)"
bb_87_00_t0.1_0,0.1264,TGFA_HUMAN_P01135,,,24,True,"passed: best identity 12.6% to TGFA_HUMAN_P01135, cluster 24; structural novelty NOT CHECKED (no Foldseek/TM comparison available)"
bb_87_00_t0.1_1,0.1034,EGFR_target,,,25,True,"passed: best identity 10.3% to EGFR_target, cluster 25; structural novelty NOT CHECKED (no Foldseek/TM comparison available)"
bb_87_00_t0.2_0,0.1034,EGF_HUMAN_P01133,,,26,True,"passed: best identity 10.3% to EGF_HUMAN_P01133, cluster 26; structural novelty NOT CHECKED (no Foldseek/TM comparison available)"
bb_87_00_t0.2_1,0.1149,EGFR_target,,,27,True,"passed: best identity 11.5% to EGFR_target, cluster 27; structural novelty NOT CHECKED (no Foldseek/TM comparison available)"
bb_87_00_t0.3_0,0.1494,EGF_HUMAN_P01133,,,28,True,"passed: best identity 14.9% to EGF_HUMAN_P01133, cluster 28; structural novelty NOT CHECKED (no Foldseek/TM comparison available)"
bb_87_00_t0.3_1,0.1724,TGFA_HUMAN_P01135,,,29,True,"passed: best identity 17.2% to TGFA_HUMAN_P01135, cluster 29; structural novelty NOT CHECKED (no Foldseek/TM comparison available)"
bb_87_01_t0.1_0,0.1724,EGFR_target,,,30,True,"passed: best identity 17.2% to EGFR_target, cluster 30; structural novelty NOT CHECKED (no Foldseek/TM comparison available)"
bb_87_01_t0.1_1,0.092,EGF_HUMAN_P01133,,,31,True,"passed: best identity 9.2% to EGF_HUMAN_P01133, cluster 31; structural novelty NOT CHECKED (no Foldseek/TM comparison available)"
bb_87_01_t0.2_0,0.1494,EGFR_target,,,32,True,"passed: best identity 14.9% to EGFR_target, cluster 32; structural novelty NOT CHECKED (no Foldseek/TM comparison available)"
bb_87_01_t0.2_1,0.1034,EGF_HUMAN_P01133,,,33,True,"passed: best identity 10.3% to EGF_HUMAN_P01133, cluster 33; structural novelty NOT CHECKED (no Foldseek/TM comparison available)"
bb_87_01_t0.3_0,0.092,EGFR_target,,,34,True,"passed: best identity 9.2% to EGFR_target, cluster 34; structural novelty NOT CHECKED (no Foldseek/TM comparison available)"
bb_87_01_t0.3_1,0.1494,EREG_HUMAN_O14944,,,35,True,"passed: best identity 14.9% to EREG_HUMAN_O14944, cluster 35; structural novelty NOT CHECKED (no Foldseek/TM comparison available)"
bb_87_02_t0.1_0,0.1724,EGF_HUMAN_P01133,,,36,True,"passed: best identity 17.2% to EGF_HUMAN_P01133, cluster 36; structural novelty NOT CHECKED (no Foldseek/TM comparison available)"
bb_87_02_t0.1_1,0.1494,EGFR_target,,,37,True,"passed: best identity 14.9% to EGFR_target, cluster 37; structural novelty NOT CHECKED (no Foldseek/TM comparison available)"
bb_87_02_t0.2_0,0.1264,EGF_HUMAN_P01133,,,38,True,"passed: best identity 12.6% to EGF_HUMAN_P01133, cluster 38; structural novelty NOT CHECKED (no Foldseek/TM comparison available)"
bb_87_02_t0.2_1,0.1149,TGFA_HUMAN_P01135,,,39,True,"passed: best identity 11.5% to TGFA_HUMAN_P01135, cluster 39; structural novelty NOT CHECKED (no Foldseek/TM comparison available)"
bb_87_02_t0.3_0,0.1379,EGFR_target,,,40,True,"passed: best identity 13.8% to EGFR_target, cluster 40; structural novelty NOT CHECKED (no Foldseek/TM comparison available)"
bb_87_02_t0.3_1,0.1264,EGF_HUMAN_P01133,,,41,True,"passed: best identity 12.6% to EGF_HUMAN_P01133, cluster 41; structural novelty NOT CHECKED (no Foldseek/TM comparison available)"
bb_87_03_t0.1_0,0.1954,EGF_HUMAN_P01133,,,42,True,"passed: best identity 19.5% to EGF_HUMAN_P01133, cluster 42; structural novelty NOT CHECKED (no Foldseek/TM comparison available)"
bb_87_03_t0.1_1,0.1149,EGF_HUMAN_P01133,,,43,True,"passed: best identity 11.5% to EGF_HUMAN_P01133, cluster 43; structural novelty NOT CHECKED (no Foldseek/TM comparison available)"
bb_87_03_t0.2_0,0.092,EREG_HUMAN_O14944,,,44,True,"passed: best identity 9.2% to EREG_HUMAN_O14944, cluster 44; structural novelty NOT CHECKED (no Foldseek/TM comparison available)"
bb_87_03_t0.2_1,0.1149,EGFR_target,,,45,True,"passed: best identity 11.5% to EGFR_target, cluster 45; structural novelty NOT CHECKED (no Foldseek/TM comparison available)"
bb_87_03_t0.3_0,0.1034,EGFR_target,,,46,True,"passed: best identity 10.3% to EGFR_target, cluster 46; structural novelty NOT CHECKED (no Foldseek/TM comparison available)"
bb_87_03_t0.3_1,0.1034,EGFR_target,,,47,True,"passed: best identity 10.3% to EGFR_target, cluster 47; structural novelty NOT CHECKED (no Foldseek/TM comparison available)"
bb_120_00_t0.1_0,0.1,EGFR_target,,,48,True,"passed: best identity 10.0% to EGFR_target, cluster 48; structural novelty NOT CHECKED (no Foldseek/TM comparison available)"
bb_120_00_t0.1_1,0.0667,EGF_HUMAN_P01133,,,49,True,"passed: best identity 6.7% to EGF_HUMAN_P01133, cluster 49; structural novelty NOT CHECKED (no Foldseek/TM comparison available)"
bb_120_00_t0.2_0,0.15,EGF_HUMAN_P01133,,,50,True,"passed: best identity 15.0% to EGF_HUMAN_P01133, cluster 50; structural novelty NOT CHECKED (no Foldseek/TM comparison available)"
bb_120_00_t0.2_1,0.1,EGF_HUMAN_P01133,,,51,True,"passed: best identity 10.0% to EGF_HUMAN_P01133, cluster 51; structural novelty NOT CHECKED (no Foldseek/TM comparison available)"
bb_120_00_t0.3_0,0.1083,EGF_HUMAN_P01133,,,52,True,"passed: best identity 10.8% to EGF_HUMAN_P01133, cluster 52; structural novelty NOT CHECKED (no Foldseek/TM comparison available)"
bb_120_00_t0.3_1,0.125,TGFA_HUMAN_P01135,,,53,True,"passed: best identity 12.5% to TGFA_HUMAN_P01135, cluster 53; structural novelty NOT CHECKED (no Foldseek/TM comparison available)"
bb_120_01_t0.1_0,0.0833,EGFR_target,,,54,True,"passed: best identity 8.3% to EGFR_target, cluster 54; structural novelty NOT CHECKED (no Foldseek/TM comparison available)"
bb_120_01_t0.1_1,0.1,EGF_HUMAN_P01133,,,55,True,"passed: best identity 10.0% to EGF_HUMAN_P01133, cluster 55; structural novelty NOT CHECKED (no Foldseek/TM comparison available)"
bb_120_01_t0.2_0,0.075,EGF_HUMAN_P01133,,,56,True,"passed: best identity 7.5% to EGF_HUMAN_P01133, cluster 56; structural novelty NOT CHECKED (no Foldseek/TM comparison available)"
bb_120_01_t0.2_1,0.1,EGF_HUMAN_P01133,,,57,True,"passed: best identity 10.0% to EGF_HUMAN_P01133, cluster 57; structural novelty NOT CHECKED (no Foldseek/TM comparison available)"
bb_120_01_t0.3_0,0.0667,EGFR_target,,,58,True,"passed: best identity 6.7% to EGFR_target, cluster 58; structural novelty NOT CHECKED (no Foldseek/TM comparison available)"
bb_120_01_t0.3_1,0.0833,EGFR_target,,,59,True,"passed: best identity 8.3% to EGFR_target, cluster 59; structural novelty NOT CHECKED (no Foldseek/TM comparison available)"
bb_120_02_t0.1_0,0.1667,EGFR_target,,,60,True,"passed: best identity 16.7% to EGFR_target, cluster 60; structural novelty NOT CHECKED (no Foldseek/TM comparison available)"
bb_120_02_t0.1_1,0.0667,EGF_HUMAN_P01133,,,61,True,"passed: best identity 6.7% to EGF_HUMAN_P01133, cluster 61; structural novelty NOT CHECKED (no Foldseek/TM comparison available)"
bb_120_02_t0.2_0,0.075,EGF_HUMAN_P01133,,,62,True,"passed: best identity 7.5% to EGF_HUMAN_P01133, cluster 62; structural novelty NOT CHECKED (no Foldseek/TM comparison available)"
bb_120_02_t0.2_1,0.0917,EREG_HUMAN_O14944,,,63,True,"passed: best identity 9.2% to EREG_HUMAN_O14944, cluster 63; structural novelty NOT CHECKED (no Foldseek/TM comparison available)"
bb_120_02_t0.3_0,0.1,EGF_HUMAN_P01133,,,64,True,"passed: best identity 10.0% to EGF_HUMAN_P01133, cluster 64; structural novelty NOT CHECKED (no Foldseek/TM comparison available)"
bb_120_02_t0.3_1,0.0667,EGFR_target,,,65,True,"passed: best identity 6.7% to EGFR_target, cluster 65; structural novelty NOT CHECKED (no Foldseek/TM comparison available)"
bb_120_03_t0.1_0,0.1083,EGFR_target,,,66,True,"passed: best identity 10.8% to EGFR_target, cluster 66; structural novelty NOT CHECKED (no Foldseek/TM comparison available)"
bb_120_03_t0.1_1,0.0833,EGF_HUMAN_P01133,,,67,True,"passed: best identity 8.3% to EGF_HUMAN_P01133, cluster 67; structural novelty NOT CHECKED (no Foldseek/TM comparison available)"
bb_120_03_t0.2_0,0.0917,EGFR_target,,,68,True,"passed: best identity 9.2% to EGFR_target, cluster 68; structural novelty NOT CHECKED (no Foldseek/TM comparison available)"
bb_120_03_t0.2_1,0.1083,EGFR_target,,,69,True,"passed: best identity 10.8% to EGFR_target, cluster 69; structural novelty NOT CHECKED (no Foldseek/TM comparison available)"
bb_120_03_t0.3_0,0.0667,EGFR_target,,,70,True,"passed: best identity 6.7% to EGFR_target, cluster 70; structural novelty NOT CHECKED (no Foldseek/TM comparison available)"
bb_120_03_t0.3_1,0.1167,EGF_HUMAN_P01133,,,71,True,"passed: best identity 11.7% to EGF_HUMAN_P01133, cluster 71; structural novelty NOT CHECKED (no Foldseek/TM comparison available)"
