design_id,objective,value,uncertainty,reason
bb_55_00_t0.1_0,ph_selectivity,0.0,0.05,"no histidine, so the design cannot be pH-switchable by the histidine-protonation mechanism; charge change from pH 7.4 to 6.5 is +0.043. Weakly validated: no measured pH-selectivity data was used."
bb_55_00_t0.1_0,ortholog,0.9064,0.35,"no per-species fold scores available, so this falls back to the epitope conservation bound: 90.6% of the chosen epitope residues are identical between human and mouse. This bounds the whole batch rather than distinguishing designs, because it is a property of the epitope choice, not of the binder."
bb_55_00_t0.1_1,ph_selectivity,0.0,0.05,"no histidine, so the design cannot be pH-switchable by the histidine-protonation mechanism; charge change from pH 7.4 to 6.5 is +0.032. Weakly validated: no measured pH-selectivity data was used."
bb_55_00_t0.1_1,ortholog,0.9064,0.35,"no per-species fold scores available, so this falls back to the epitope conservation bound: 90.6% of the chosen epitope residues are identical between human and mouse. This bounds the whole batch rather than distinguishing designs, because it is a property of the epitope choice, not of the binder."
bb_55_00_t0.2_0,ph_selectivity,0.6625,0.2581,"2 histidine(s) (3.6% of sequence), largest cluster 1 within 12 residues, charge change pH 7.4 -> 6.5 of +0.919 proton units. The charge change is computed exactly; whether those histidines sit at the binding interface is NOT known without complex coordinates. Weakly validated: no measured pH-selectivity data informed this score."
bb_55_00_t0.2_0,ortholog,0.9064,0.35,"no per-species fold scores available, so this falls back to the epitope conservation bound: 90.6% of the chosen epitope residues are identical between human and mouse. This bounds the whole batch rather than distinguishing designs, because it is a property of the epitope choice, not of the binder."
bb_55_00_t0.2_1,ph_selectivity,0.426,0.3054,"2 histidine(s) (3.6% of sequence), largest cluster 1 within 12 residues, charge change pH 7.4 -> 6.5 of +0.446 proton units. The charge change is computed exactly; whether those histidines sit at the binding interface is NOT known without complex coordinates. Weakly validated: no measured pH-selectivity data informed this score."
bb_55_00_t0.2_1,ortholog,0.9064,0.35,"no per-species fold scores available, so this falls back to the epitope conservation bound: 90.6% of the chosen epitope residues are identical between human and mouse. This bounds the whole batch rather than distinguishing designs, because it is a property of the epitope choice, not of the binder."
bb_55_00_t0.3_0,ph_selectivity,1.0,0.25,"5 histidine(s) (9.1% of sequence), largest cluster 3 within 12 residues, charge change pH 7.4 -> 6.5 of +1.397 proton units. The charge change is computed exactly; whether those histidines sit at the binding interface is NOT known without complex coordinates. Weakly validated: no measured pH-selectivity data informed this score."
bb_55_00_t0.3_0,ortholog,0.9064,0.35,"no per-species fold scores available, so this falls back to the epitope conservation bound: 90.6% of the chosen epitope residues are identical between human and mouse. This bounds the whole batch rather than distinguishing designs, because it is a property of the epitope choice, not of the binder."
bb_55_00_t0.3_1,ph_selectivity,0.0,0.05,"no histidine, so the design cannot be pH-switchable by the histidine-protonation mechanism; charge change from pH 7.4 to 6.5 is +0.144. Weakly validated: no measured pH-selectivity data was used."
bb_55_00_t0.3_1,ortholog,0.9064,0.35,"no per-species fold scores available, so this falls back to the epitope conservation bound: 90.6% of the chosen epitope residues are identical between human and mouse. This bounds the whole batch rather than distinguishing designs, because it is a property of the epitope choice, not of the binder."
bb_55_01_t0.1_0,ph_selectivity,0.0,0.05,"no histidine, so the design cannot be pH-switchable by the histidine-protonation mechanism; charge change from pH 7.4 to 6.5 is +0.048. Weakly validated: no measured pH-selectivity data was used."
bb_55_01_t0.1_0,ortholog,0.9064,0.35,"no per-species fold scores available, so this falls back to the epitope conservation bound: 90.6% of the chosen epitope residues are identical between human and mouse. This bounds the whole batch rather than distinguishing designs, because it is a property of the epitope choice, not of the binder."
bb_55_01_t0.1_1,ph_selectivity,0.0,0.05,"no histidine, so the design cannot be pH-switchable by the histidine-protonation mechanism; charge change from pH 7.4 to 6.5 is +0.044. Weakly validated: no measured pH-selectivity data was used."
bb_55_01_t0.1_1,ortholog,0.9064,0.35,"no per-species fold scores available, so this falls back to the epitope conservation bound: 90.6% of the chosen epitope residues are identical between human and mouse. This bounds the whole batch rather than distinguishing designs, because it is a property of the epitope choice, not of the binder."
bb_55_01_t0.2_0,ph_selectivity,0.5995,0.2707,"2 histidine(s) (3.6% of sequence), largest cluster 1 within 12 residues, charge change pH 7.4 -> 6.5 of +0.793 proton units. The charge change is computed exactly; whether those histidines sit at the binding interface is NOT known without complex coordinates. Weakly validated: no measured pH-selectivity data informed this score."
bb_55_01_t0.2_0,ortholog,0.9064,0.35,"no per-species fold scores available, so this falls back to the epitope conservation bound: 90.6% of the chosen epitope residues are identical between human and mouse. This bounds the whole batch rather than distinguishing designs, because it is a property of the epitope choice, not of the binder."
bb_55_01_t0.2_1,ph_selectivity,0.8379,0.25,"3 histidine(s) (5.5% of sequence), largest cluster 2 within 12 residues, charge change pH 7.4 -> 6.5 of +1.019 proton units. The charge change is computed exactly; whether those histidines sit at the binding interface is NOT known without complex coordinates. Weakly validated: no measured pH-selectivity data informed this score."
bb_55_01_t0.2_1,ortholog,0.9064,0.35,"no per-species fold scores available, so this falls back to the epitope conservation bound: 90.6% of the chosen epitope residues are identical between human and mouse. This bounds the whole batch rather than distinguishing designs, because it is a property of the epitope choice, not of the binder."
bb_55_01_t0.3_0,ph_selectivity,0.4205,0.3065,"2 histidine(s) (3.6% of sequence), largest cluster 1 within 12 residues, charge change pH 7.4 -> 6.5 of +0.435 proton units. The charge change is computed exactly; whether those histidines sit at the binding interface is NOT known without complex coordinates. Weakly validated: no measured pH-selectivity data informed this score."
bb_55_01_t0.3_0,ortholog,0.9064,0.35,"no per-species fold scores available, so this falls back to the epitope conservation bound: 90.6% of the chosen epitope residues are identical between human and mouse. This bounds the whole batch rather than distinguishing designs, because it is a property of the epitope choice, not of the binder."
bb_55_01_t0.3_1,ph_selectivity,0.703,0.25,"2 histidine(s) (3.6% of sequence), largest cluster 1 within 12 residues, charge change pH 7.4 -> 6.5 of +1.062 proton units. The charge change is computed exactly; whether those histidines sit at the binding interface is NOT known without complex coordinates. Weakly validated: no measured pH-selectivity data informed this score."
bb_55_01_t0.3_1,ortholog,0.9064,0.35,"no per-species fold scores available, so this falls back to the epitope conservation bound: 90.6% of the chosen epitope residues are identical between human and mouse. This bounds the whole batch rather than distinguishing designs, because it is a property of the epitope choice, not of the binder."
bb_55_02_t0.1_0,ph_selectivity,0.0,0.05,"no histidine, so the design cannot be pH-switchable by the histidine-protonation mechanism; charge change from pH 7.4 to 6.5 is +0.024. Weakly validated: no measured pH-selectivity data was used."
bb_55_02_t0.1_0,ortholog,0.9064,0.35,"no per-species fold scores available, so this falls back to the epitope conservation bound: 90.6% of the chosen epitope residues are identical between human and mouse. This bounds the whole batch rather than distinguishing designs, because it is a property of the epitope choice, not of the binder."
bb_55_02_t0.1_1,ph_selectivity,0.0,0.05,"no histidine, so the design cannot be pH-switchable by the histidine-protonation mechanism; charge change from pH 7.4 to 6.5 is +0.040. Weakly validated: no measured pH-selectivity data was used."
bb_55_02_t0.1_1,ortholog,0.9064,0.35,"no per-species fold scores available, so this falls back to the epitope conservation bound: 90.6% of the chosen epitope residues are identical between human and mouse. This bounds the whole batch rather than distinguishing designs, because it is a property of the epitope choice, not of the binder."
bb_55_02_t0.2_0,ph_selectivity,0.8379,0.25,"3 histidine(s) (5.5% of sequence), largest cluster 2 within 12 residues, charge change pH 7.4 -> 6.5 of +1.120 proton units. The charge change is computed exactly; whether those histidines sit at the binding interface is NOT known without complex coordinates. Weakly validated: no measured pH-selectivity data informed this score."
bb_55_02_t0.2_0,ortholog,0.9064,0.35,"no per-species fold scores available, so this falls back to the epitope conservation bound: 90.6% of the chosen epitope residues are identical between human and mouse. This bounds the whole batch rather than distinguishing designs, because it is a property of the epitope choice, not of the binder."
bb_55_02_t0.2_1,ph_selectivity,0.9477,0.255,"4 histidine(s) (7.3% of sequence), largest cluster 3 within 12 residues, charge change pH 7.4 -> 6.5 of +0.950 proton units. The charge change is computed exactly; whether those histidines sit at the binding interface is NOT known without complex coordinates. Weakly validated: no measured pH-selectivity data informed this score."
bb_55_02_t0.2_1,ortholog,0.9064,0.35,"no per-species fold scores available, so this falls back to the epitope conservation bound: 90.6% of the chosen epitope residues are identical between human and mouse. This bounds the whole batch rather than distinguishing designs, because it is a property of the epitope choice, not of the binder."
bb_55_02_t0.3_0,ph_selectivity,0.4288,0.2912,"1 histidine(s) (1.8% of sequence), largest cluster 1 within 12 residues, charge change pH 7.4 -> 6.5 of +0.588 proton units. The charge change is computed exactly; whether those histidines sit at the binding interface is NOT known without complex coordinates. Weakly validated: no measured pH-selectivity data informed this score."
bb_55_02_t0.3_0,ortholog,0.9064,0.35,"no per-species fold scores available, so this falls back to the epitope conservation bound: 90.6% of the chosen epitope residues are identical between human and mouse. This bounds the whole batch rather than distinguishing designs, because it is a property of the epitope choice, not of the binder."
bb_55_02_t0.3_1,ph_selectivity,0.7144,0.2747,"3 histidine(s) (5.5% of sequence), largest cluster 2 within 12 residues, charge change pH 7.4 -> 6.5 of +0.753 proton units. The charge change is computed exactly; whether those histidines sit at the binding interface is NOT known without complex coordinates. Weakly validated: no measured pH-selectivity data informed this score."
bb_55_02_t0.3_1,ortholog,0.9064,0.35,"no per-species fold scores available, so this falls back to the epitope conservation bound: 90.6% of the chosen epitope residues are identical between human and mouse. This bounds the whole batch rather than distinguishing designs, because it is a property of the epitope choice, not of the binder."
bb_55_03_t0.1_0,ph_selectivity,0.0,0.05,"no histidine, so the design cannot be pH-switchable by the histidine-protonation mechanism; charge change from pH 7.4 to 6.5 is +0.027. Weakly validated: no measured pH-selectivity data was used."
bb_55_03_t0.1_0,ortholog,0.9064,0.35,"no per-species fold scores available, so this falls back to the epitope conservation bound: 90.6% of the chosen epitope residues are identical between human and mouse. This bounds the whole batch rather than distinguishing designs, because it is a property of the epitope choice, not of the binder."
bb_55_03_t0.1_1,ph_selectivity,0.0,0.05,"no histidine, so the design cannot be pH-switchable by the histidine-protonation mechanism; charge change from pH 7.4 to 6.5 is +0.038. Weakly validated: no measured pH-selectivity data was used."
bb_55_03_t0.1_1,ortholog,0.9064,0.35,"no per-species fold scores available, so this falls back to the epitope conservation bound: 90.6% of the chosen epitope residues are identical between human and mouse. This bounds the whole batch rather than distinguishing designs, because it is a property of the epitope choice, not of the binder."
bb_55_03_t0.2_0,ph_selectivity,0.661,0.2584,"2 histidine(s) (3.6% of sequence), largest cluster 1 within 12 residues, charge change pH 7.4 -> 6.5 of +0.916 proton units. The charge change is computed exactly; whether those histidines sit at the binding interface is NOT known without complex coordinates. Weakly validated: no measured pH-selectivity data informed this score."
bb_55_03_t0.2_0,ortholog,0.9064,0.35,"no per-species fold scores available, so this falls back to the epitope conservation bound: 90.6% of the chosen epitope residues are identical between human and mouse. This bounds the whole batch rather than distinguishing designs, because it is a property of the epitope choice, not of the binder."
bb_55_03_t0.2_1,ph_selectivity,0.8917,0.2662,"4 histidine(s) (7.3% of sequence), largest cluster 3 within 12 residues, charge change pH 7.4 -> 6.5 of +0.838 proton units. The charge change is computed exactly; whether those histidines sit at the binding interface is NOT known without complex coordinates. Weakly validated: no measured pH-selectivity data informed this score."
bb_55_03_t0.2_1,ortholog,0.9064,0.35,"no per-species fold scores available, so this falls back to the epitope conservation bound: 90.6% of the chosen epitope residues are identical between human and mouse. This bounds the whole batch rather than distinguishing designs, because it is a property of the epitope choice, not of the binder."
bb_55_03_t0.3_0,ph_selectivity,1.0,0.25,"5 histidine(s) (9.1% of sequence), largest cluster 3 within 12 residues, charge change pH 7.4 -> 6.5 of +1.152 proton units. The charge change is computed exactly; whether those histidines sit at the binding interface is NOT known without complex coordinates. Weakly validated: no measured pH-selectivity data informed this score."
bb_55_03_t0.3_0,ortholog,0.9064,0.35,"no per-species fold scores available, so this falls back to the epitope conservation bound: 90.6% of the chosen epitope residues are identical between human and mouse. This bounds the whole batch rather than distinguishing designs, because it is a property of the epitope choice, not of the binder."
bb_55_03_t0.3_1,ph_selectivity,0.9061,0.25,"4 histidine(s) (7.3% of sequence), largest cluster 2 within 12 residues, charge change pH 7.4 -> 6.5 of +1.075 proton units. The charge change is computed exactly; whether those histidines sit at the binding interface is NOT known without complex coordinates. Weakly validated: no measured pH-selectivity data informed this score."
bb_55_03_t0.3_1,ortholog,0.9064,0.35,"no per-species fold scores available, so this falls back to the epitope conservation bound: 90.6% of the chosen epitope residues are identical between human and mouse. This bounds the whole batch rather than distinguishing designs, because it is a property of the epitope choice, not of the binder."
bb_87_00_t0.1_0,ph_selectivity,0.0,0.05,"no histidine, so the design cannot be pH-switchable by the histidine-protonation mechanism; charge change from pH 7.4 to 6.5 is +0.029. Weakly validated: no measured pH-selectivity data was used."
bb_87_00_t0.1_0,ortholog,0.9064,0.35,"no per-species fold scores available, so this falls back to the epitope conservation bound: 90.6% of the chosen epitope residues are identical between human and mouse. This bounds the whole batch rather than distinguishing designs, because it is a property of the epitope choice, not of the binder."
bb_87_00_t0.1_1,ph_selectivity,0.0,0.05,"no histidine, so the design cannot be pH-switchable by the histidine-protonation mechanism; charge change from pH 7.4 to 6.5 is +0.037. Weakly validated: no measured pH-selectivity data was used."
bb_87_00_t0.1_1,ortholog,0.9064,0.35,"no per-species fold scores available, so this falls back to the epitope conservation bound: 90.6% of the chosen epitope residues are identical between human and mouse. This bounds the whole batch rather than distinguishing designs, because it is a property of the epitope choice, not of the binder."
bb_87_00_t0.2_0,ph_selectivity,0.8057,0.25,"4 histidine(s) (4.6% of sequence), largest cluster 2 within 12 residues, charge change pH 7.4 -> 6.5 of +1.221 proton units. The charge change is computed exactly; whether those histidines sit at the binding interface is NOT known without complex coordinates. Weakly validated: no measured pH-selectivity data informed this score."
bb_87_00_t0.2_0,ortholog,0.9064,0.35,"no per-species fold scores available, so this falls back to the epitope conservation bound: 90.6% of the chosen epitope residues are identical between human and mouse. This bounds the whole batch rather than distinguishing designs, because it is a property of the epitope choice, not of the binder."
bb_87_00_t0.2_1,ph_selectivity,0.9155,0.25,"5 histidine(s) (5.7% of sequence), largest cluster 3 within 12 residues, charge change pH 7.4 -> 6.5 of +1.775 proton units. The charge change is computed exactly; whether those histidines sit at the binding interface is NOT known without complex coordinates. Weakly validated: no measured pH-selectivity data informed this score."
bb_87_00_t0.2_1,ortholog,0.9064,0.35,"no per-species fold scores available, so this falls back to the epitope conservation bound: 90.6% of the chosen epitope residues are identical between human and mouse. This bounds the whole batch rather than distinguishing designs, because it is a property of the epitope choice, not of the binder."
bb_87_00_t0.3_0,ph_selectivity,0.7391,0.25,"4 histidine(s) (4.6% of sequence), largest cluster 1 within 12 residues, charge change pH 7.4 -> 6.5 of +1.469 proton units. The charge change is computed exactly; whether those histidines sit at the binding interface is NOT known without complex coordinates. Weakly validated: no measured pH-selectivity data informed this score."
bb_87_00_t0.3_0,ortholog,0.9064,0.35,"no per-species fold scores available, so this falls back to the epitope conservation bound: 90.6% of the chosen epitope residues are identical between human and mouse. This bounds the whole batch rather than distinguishing designs, because it is a property of the epitope choice, not of the binder."
bb_87_00_t0.3_1,ph_selectivity,0.892,0.25,"6 histidine(s) (6.9% of sequence), largest cluster 2 within 12 residues, charge change pH 7.4 -> 6.5 of +1.854 proton units. The charge change is computed exactly; whether those histidines sit at the binding interface is NOT known without complex coordinates. Weakly validated: no measured pH-selectivity data informed this score."
bb_87_00_t0.3_1,ortholog,0.9064,0.35,"no per-species fold scores available, so this falls back to the epitope conservation bound: 90.6% of the chosen epitope residues are identical between human and mouse. This bounds the whole batch rather than distinguishing designs, because it is a property of the epitope choice, not of the binder."
bb_87_01_t0.1_0,ph_selectivity,0.0,0.05,"no histidine, so the design cannot be pH-switchable by the histidine-protonation mechanism; charge change from pH 7.4 to 6.5 is +0.053. Weakly validated: no measured pH-selectivity data was used."
bb_87_01_t0.1_0,ortholog,0.9064,0.35,"no per-species fold scores available, so this falls back to the epitope conservation bound: 90.6% of the chosen epitope residues are identical between human and mouse. This bounds the whole batch rather than distinguishing designs, because it is a property of the epitope choice, not of the binder."
bb_87_01_t0.1_1,ph_selectivity,0.0,0.05,"no histidine, so the design cannot be pH-switchable by the histidine-protonation mechanism; charge change from pH 7.4 to 6.5 is +0.055. Weakly validated: no measured pH-selectivity data was used."
bb_87_01_t0.1_1,ortholog,0.9064,0.35,"no per-species fold scores available, so this falls back to the epitope conservation bound: 90.6% of the chosen epitope residues are identical between human and mouse. This bounds the whole batch rather than distinguishing designs, because it is a property of the epitope choice, not of the binder."
bb_87_01_t0.2_0,ph_selectivity,0.5408,0.2638,"1 histidine(s) (1.1% of sequence), largest cluster 1 within 12 residues, charge change pH 7.4 -> 6.5 of +0.862 proton units. The charge change is computed exactly; whether those histidines sit at the binding interface is NOT known without complex coordinates. Weakly validated: no measured pH-selectivity data informed this score."
bb_87_01_t0.2_0,ortholog,0.9064,0.35,"no per-species fold scores available, so this falls back to the epitope conservation bound: 90.6% of the chosen epitope residues are identical between human and mouse. This bounds the whole batch rather than distinguishing designs, because it is a property of the epitope choice, not of the binder."
bb_87_01_t0.2_1,ph_selectivity,0.8724,0.25,"4 histidine(s) (4.6% of sequence), largest cluster 3 within 12 residues, charge change pH 7.4 -> 6.5 of +1.089 proton units. The charge change is computed exactly; whether those histidines sit at the binding interface is NOT known without complex coordinates. Weakly validated: no measured pH-selectivity data informed this score."
bb_87_01_t0.2_1,ortholog,0.9064,0.35,"no per-species fold scores available, so this falls back to the epitope conservation bound: 90.6% of the chosen epitope residues are identical between human and mouse. This bounds the whole batch rather than distinguishing designs, because it is a property of the epitope choice, not of the binder."
bb_87_01_t0.3_0,ph_selectivity,0.8724,0.25,"4 histidine(s) (4.6% of sequence), largest cluster 3 within 12 residues, charge change pH 7.4 -> 6.5 of +1.338 proton units. The charge change is computed exactly; whether those histidines sit at the binding interface is NOT known without complex coordinates. Weakly validated: no measured pH-selectivity data informed this score."
bb_87_01_t0.3_0,ortholog,0.9064,0.35,"no per-species fold scores available, so this falls back to the epitope conservation bound: 90.6% of the chosen epitope residues are identical between human and mouse. This bounds the whole batch rather than distinguishing designs, because it is a property of the epitope choice, not of the binder."
bb_87_01_t0.3_1,ph_selectivity,0.6446,0.2736,"3 histidine(s) (3.4% of sequence), largest cluster 2 within 12 residues, charge change pH 7.4 -> 6.5 of +0.764 proton units. The charge change is computed exactly; whether those histidines sit at the binding interface is NOT known without complex coordinates. Weakly validated: no measured pH-selectivity data informed this score."
bb_87_01_t0.3_1,ortholog,0.9064,0.35,"no per-species fold scores available, so this falls back to the epitope conservation bound: 90.6% of the chosen epitope residues are identical between human and mouse. This bounds the whole batch rather than distinguishing designs, because it is a property of the epitope choice, not of the binder."
bb_87_02_t0.1_0,ph_selectivity,0.0,0.05,"no histidine, so the design cannot be pH-switchable by the histidine-protonation mechanism; charge change from pH 7.4 to 6.5 is +0.047. Weakly validated: no measured pH-selectivity data was used."
bb_87_02_t0.1_0,ortholog,0.9064,0.35,"no per-species fold scores available, so this falls back to the epitope conservation bound: 90.6% of the chosen epitope residues are identical between human and mouse. This bounds the whole batch rather than distinguishing designs, because it is a property of the epitope choice, not of the binder."
bb_87_02_t0.1_1,ph_selectivity,0.0,0.05,"no histidine, so the design cannot be pH-switchable by the histidine-protonation mechanism; charge change from pH 7.4 to 6.5 is +0.072. Weakly validated: no measured pH-selectivity data was used."
bb_87_02_t0.1_1,ortholog,0.9064,0.35,"no per-species fold scores available, so this falls back to the epitope conservation bound: 90.6% of the chosen epitope residues are identical between human and mouse. This bounds the whole batch rather than distinguishing designs, because it is a property of the epitope choice, not of the binder."
bb_87_02_t0.2_0,ph_selectivity,0.8057,0.25,"4 histidine(s) (4.6% of sequence), largest cluster 2 within 12 residues, charge change pH 7.4 -> 6.5 of +1.094 proton units. The charge change is computed exactly; whether those histidines sit at the binding interface is NOT known without complex coordinates. Weakly validated: no measured pH-selectivity data informed this score."
bb_87_02_t0.2_0,ortholog,0.9064,0.35,"no per-species fold scores available, so this falls back to the epitope conservation bound: 90.6% of the chosen epitope residues are identical between human and mouse. This bounds the whole batch rather than distinguishing designs, because it is a property of the epitope choice, not of the binder."
bb_87_02_t0.2_1,ph_selectivity,0.8057,0.25,"4 histidine(s) (4.6% of sequence), largest cluster 2 within 12 residues, charge change pH 7.4 -> 6.5 of +1.337 proton units. The charge change is computed exactly; whether those histidines sit at the binding interface is NOT known without complex coordinates. Weakly validated: no measured pH-selectivity data informed this score."
bb_87_02_t0.2_1,ortholog,0.9064,0.35,"no per-species fold scores available, so this falls back to the epitope conservation bound: 90.6% of the chosen epitope residues are identical between human and mouse. This bounds the whole batch rather than distinguishing designs, because it is a property of the epitope choice, not of the binder."
bb_87_02_t0.3_0,ph_selectivity,0.3008,0.3118,"1 histidine(s) (1.1% of sequence), largest cluster 1 within 12 residues, charge change pH 7.4 -> 6.5 of +0.382 proton units. The charge change is computed exactly; whether those histidines sit at the binding interface is NOT known without complex coordinates. Weakly validated: no measured pH-selectivity data informed this score."
bb_87_02_t0.3_0,ortholog,0.9064,0.35,"no per-species fold scores available, so this falls back to the epitope conservation bound: 90.6% of the chosen epitope residues are identical between human and mouse. This bounds the whole batch rather than distinguishing designs, because it is a property of the epitope choice, not of the binder."
bb_87_02_t0.3_1,ph_selectivity,1.0,0.25,"7 histidine(s) (8.0% of sequence), largest cluster 4 within 12 residues, charge change pH 7.4 -> 6.5 of +2.057 proton units. The charge change is computed exactly; whether those histidines sit at the binding interface is NOT known without complex coordinates. Weakly validated: no measured pH-selectivity data informed this score."
bb_87_02_t0.3_1,ortholog,0.9064,0.35,"no per-species fold scores available, so this falls back to the epitope conservation bound: 90.6% of the chosen epitope residues are identical between human and mouse. This bounds the whole batch rather than distinguishing designs, because it is a property of the epitope choice, not of the binder."
bb_87_03_t0.1_0,ph_selectivity,0.0,0.05,"no histidine, so the design cannot be pH-switchable by the histidine-protonation mechanism; charge change from pH 7.4 to 6.5 is +0.048. Weakly validated: no measured pH-selectivity data was used."
bb_87_03_t0.1_0,ortholog,0.9064,0.35,"no per-species fold scores available, so this falls back to the epitope conservation bound: 90.6% of the chosen epitope residues are identical between human and mouse. This bounds the whole batch rather than distinguishing designs, because it is a property of the epitope choice, not of the binder."
bb_87_03_t0.1_1,ph_selectivity,0.0,0.05,"no histidine, so the design cannot be pH-switchable by the histidine-protonation mechanism; charge change from pH 7.4 to 6.5 is +0.049. Weakly validated: no measured pH-selectivity data was used."
bb_87_03_t0.1_1,ortholog,0.9064,0.35,"no per-species fold scores available, so this falls back to the epitope conservation bound: 90.6% of the chosen epitope residues are identical between human and mouse. This bounds the whole batch rather than distinguishing designs, because it is a property of the epitope choice, not of the binder."
bb_87_03_t0.2_0,ph_selectivity,0.6529,0.25,"2 histidine(s) (2.3% of sequence), largest cluster 1 within 12 residues, charge change pH 7.4 -> 6.5 of +1.188 proton units. The charge change is computed exactly; whether those histidines sit at the binding interface is NOT known without complex coordinates. Weakly validated: no measured pH-selectivity data informed this score."
bb_87_03_t0.2_0,ortholog,0.9064,0.35,"no per-species fold scores available, so this falls back to the epitope conservation bound: 90.6% of the chosen epitope residues are identical between human and mouse. This bounds the whole batch rather than distinguishing designs, because it is a property of the epitope choice, not of the binder."
bb_87_03_t0.2_1,ph_selectivity,1.0,0.25,"12 histidine(s) (13.8% of sequence), largest cluster 3 within 12 residues, charge change pH 7.4 -> 6.5 of +2.833 proton units. The charge change is computed exactly; whether those histidines sit at the binding interface is NOT known without complex coordinates. Weakly validated: no measured pH-selectivity data informed this score."
bb_87_03_t0.2_1,ortholog,0.9064,0.35,"no per-species fold scores available, so this falls back to the epitope conservation bound: 90.6% of the chosen epitope residues are identical between human and mouse. This bounds the whole batch rather than distinguishing designs, because it is a property of the epitope choice, not of the binder."
bb_87_03_t0.3_0,ph_selectivity,0.6129,0.258,"2 histidine(s) (2.3% of sequence), largest cluster 1 within 12 residues, charge change pH 7.4 -> 6.5 of +0.920 proton units. The charge change is computed exactly; whether those histidines sit at the binding interface is NOT known without complex coordinates. Weakly validated: no measured pH-selectivity data informed this score."
bb_87_03_t0.3_0,ortholog,0.9064,0.35,"no per-species fold scores available, so this falls back to the epitope conservation bound: 90.6% of the chosen epitope residues are identical between human and mouse. This bounds the whole batch rather than distinguishing designs, because it is a property of the epitope choice, not of the binder."
bb_87_03_t0.3_1,ph_selectivity,0.8057,0.25,"4 histidine(s) (4.6% of sequence), largest cluster 2 within 12 residues, charge change pH 7.4 -> 6.5 of +1.341 proton units. The charge change is computed exactly; whether those histidines sit at the binding interface is NOT known without complex coordinates. Weakly validated: no measured pH-selectivity data informed this score."
bb_87_03_t0.3_1,ortholog,0.9064,0.35,"no per-species fold scores available, so this falls back to the epitope conservation bound: 90.6% of the chosen epitope residues are identical between human and mouse. This bounds the whole batch rather than distinguishing designs, because it is a property of the epitope choice, not of the binder."
bb_120_00_t0.1_0,ph_selectivity,0.0,0.05,"no histidine, so the design cannot be pH-switchable by the histidine-protonation mechanism; charge change from pH 7.4 to 6.5 is +0.078. Weakly validated: no measured pH-selectivity data was used."
bb_120_00_t0.1_0,ortholog,0.9064,0.35,"no per-species fold scores available, so this falls back to the epitope conservation bound: 90.6% of the chosen epitope residues are identical between human and mouse. This bounds the whole batch rather than distinguishing designs, because it is a property of the epitope choice, not of the binder."
bb_120_00_t0.1_1,ph_selectivity,0.0,0.05,"no histidine, so the design cannot be pH-switchable by the histidine-protonation mechanism; charge change from pH 7.4 to 6.5 is +0.063. Weakly validated: no measured pH-selectivity data was used."
bb_120_00_t0.1_1,ortholog,0.9064,0.35,"no per-species fold scores available, so this falls back to the epitope conservation bound: 90.6% of the chosen epitope residues are identical between human and mouse. This bounds the whole batch rather than distinguishing designs, because it is a property of the epitope choice, not of the binder."
bb_120_00_t0.2_0,ph_selectivity,0.8208,0.25,"6 histidine(s) (5.0% of sequence), largest cluster 2 within 12 residues, charge change pH 7.4 -> 6.5 of +2.367 proton units. The charge change is computed exactly; whether those histidines sit at the binding interface is NOT known without complex coordinates. Weakly validated: no measured pH-selectivity data informed this score."
bb_120_00_t0.2_0,ortholog,0.9064,0.35,"no per-species fold scores available, so this falls back to the epitope conservation bound: 90.6% of the chosen epitope residues are identical between human and mouse. This bounds the whole batch rather than distinguishing designs, because it is a property of the epitope choice, not of the binder."
bb_120_00_t0.2_1,ph_selectivity,0.8521,0.25,"7 histidine(s) (5.8% of sequence), largest cluster 2 within 12 residues, charge change pH 7.4 -> 6.5 of +1.703 proton units. The charge change is computed exactly; whether those histidines sit at the binding interface is NOT known without complex coordinates. Weakly validated: no measured pH-selectivity data informed this score."
bb_120_00_t0.2_1,ortholog,0.9064,0.35,"no per-species fold scores available, so this falls back to the epitope conservation bound: 90.6% of the chosen epitope residues are identical between human and mouse. This bounds the whole batch rather than distinguishing designs, because it is a property of the epitope choice, not of the binder."
bb_120_00_t0.3_0,ph_selectivity,0.7583,0.25,"4 histidine(s) (3.3% of sequence), largest cluster 2 within 12 residues, charge change pH 7.4 -> 6.5 of +1.461 proton units. The charge change is computed exactly; whether those histidines sit at the binding interface is NOT known without complex coordinates. Weakly validated: no measured pH-selectivity data informed this score."
bb_120_00_t0.3_0,ortholog,0.9064,0.35,"no per-species fold scores available, so this falls back to the epitope conservation bound: 90.6% of the chosen epitope residues are identical between human and mouse. This bounds the whole batch rather than distinguishing designs, because it is a property of the epitope choice, not of the binder."
bb_120_00_t0.3_1,ph_selectivity,0.8562,0.25,"5 histidine(s) (4.2% of sequence), largest cluster 3 within 12 residues, charge change pH 7.4 -> 6.5 of +1.547 proton units. The charge change is computed exactly; whether those histidines sit at the binding interface is NOT known without complex coordinates. Weakly validated: no measured pH-selectivity data informed this score."
bb_120_00_t0.3_1,ortholog,0.9064,0.35,"no per-species fold scores available, so this falls back to the epitope conservation bound: 90.6% of the chosen epitope residues are identical between human and mouse. This bounds the whole batch rather than distinguishing designs, because it is a property of the epitope choice, not of the binder."
bb_120_01_t0.1_0,ph_selectivity,0.0,0.05,"no histidine, so the design cannot be pH-switchable by the histidine-protonation mechanism; charge change from pH 7.4 to 6.5 is +0.066. Weakly validated: no measured pH-selectivity data was used."
bb_120_01_t0.1_0,ortholog,0.9064,0.35,"no per-species fold scores available, so this falls back to the epitope conservation bound: 90.6% of the chosen epitope residues are identical between human and mouse. This bounds the whole batch rather than distinguishing designs, because it is a property of the epitope choice, not of the binder."
bb_120_01_t0.1_1,ph_selectivity,0.0,0.05,"no histidine, so the design cannot be pH-switchable by the histidine-protonation mechanism; charge change from pH 7.4 to 6.5 is +0.094. Weakly validated: no measured pH-selectivity data was used."
bb_120_01_t0.1_1,ortholog,0.9064,0.35,"no per-species fold scores available, so this falls back to the epitope conservation bound: 90.6% of the chosen epitope residues are identical between human and mouse. This bounds the whole batch rather than distinguishing designs, because it is a property of the epitope choice, not of the binder."
bb_120_01_t0.2_0,ph_selectivity,0.8208,0.25,"6 histidine(s) (5.0% of sequence), largest cluster 2 within 12 residues, charge change pH 7.4 -> 6.5 of +1.995 proton units. The charge change is computed exactly; whether those histidines sit at the binding interface is NOT known without complex coordinates. Weakly validated: no measured pH-selectivity data informed this score."
bb_120_01_t0.2_0,ortholog,0.9064,0.35,"no per-species fold scores available, so this falls back to the epitope conservation bound: 90.6% of the chosen epitope residues are identical between human and mouse. This bounds the whole batch rather than distinguishing designs, because it is a property of the epitope choice, not of the binder."
bb_120_01_t0.2_1,ph_selectivity,0.95,0.25,"8 histidine(s) (6.7% of sequence), largest cluster 3 within 12 residues, charge change pH 7.4 -> 6.5 of +2.650 proton units. The charge change is computed exactly; whether those histidines sit at the binding interface is NOT known without complex coordinates. Weakly validated: no measured pH-selectivity data informed this score."
bb_120_01_t0.2_1,ortholog,0.9064,0.35,"no per-species fold scores available, so this falls back to the epitope conservation bound: 90.6% of the chosen epitope residues are identical between human and mouse. This bounds the whole batch rather than distinguishing designs, because it is a property of the epitope choice, not of the binder."
bb_120_01_t0.3_0,ph_selectivity,0.7542,0.25,"6 histidine(s) (5.0% of sequence), largest cluster 1 within 12 residues, charge change pH 7.4 -> 6.5 of +1.749 proton units. The charge change is computed exactly; whether those histidines sit at the binding interface is NOT known without complex coordinates. Weakly validated: no measured pH-selectivity data informed this score."
bb_120_01_t0.3_0,ortholog,0.9064,0.35,"no per-species fold scores available, so this falls back to the epitope conservation bound: 90.6% of the chosen epitope residues are identical between human and mouse. This bounds the whole batch rather than distinguishing designs, because it is a property of the epitope choice, not of the binder."
bb_120_01_t0.3_1,ph_selectivity,0.8875,0.25,"6 histidine(s) (5.0% of sequence), largest cluster 3 within 12 residues, charge change pH 7.4 -> 6.5 of +1.385 proton units. The charge change is computed exactly; whether those histidines sit at the binding interface is NOT known without complex coordinates. Weakly validated: no measured pH-selectivity data informed this score."
bb_120_01_t0.3_1,ortholog,0.9064,0.35,"no per-species fold scores available, so this falls back to the epitope conservation bound: 90.6% of the chosen epitope residues are identical between human and mouse. This bounds the whole batch rather than distinguishing designs, because it is a property of the epitope choice, not of the binder."
bb_120_02_t0.1_0,ph_selectivity,0.0,0.05,"no histidine, so the design cannot be pH-switchable by the histidine-protonation mechanism; charge change from pH 7.4 to 6.5 is +0.078. Weakly validated: no measured pH-selectivity data was used."
bb_120_02_t0.1_0,ortholog,0.9064,0.35,"no per-species fold scores available, so this falls back to the epitope conservation bound: 90.6% of the chosen epitope residues are identical between human and mouse. This bounds the whole batch rather than distinguishing designs, because it is a property of the epitope choice, not of the binder."
bb_120_02_t0.1_1,ph_selectivity,0.0,0.05,"no histidine, so the design cannot be pH-switchable by the histidine-protonation mechanism; charge change from pH 7.4 to 6.5 is +0.068. Weakly validated: no measured pH-selectivity data was used."
bb_120_02_t0.1_1,ortholog,0.9064,0.35,"no per-species fold scores available, so this falls back to the epitope conservation bound: 90.6% of the chosen epitope residues are identical between human and mouse. This bounds the whole batch rather than distinguishing designs, because it is a property of the epitope choice, not of the binder."
bb_120_02_t0.2_0,ph_selectivity,0.8875,0.25,"6 histidine(s) (5.0% of sequence), largest cluster 3 within 12 residues, charge change pH 7.4 -> 6.5 of +2.132 proton units. The charge change is computed exactly; whether those histidines sit at the binding interface is NOT known without complex coordinates. Weakly validated: no measured pH-selectivity data informed this score."
bb_120_02_t0.2_0,ortholog,0.9064,0.35,"no per-species fold scores available, so this falls back to the epitope conservation bound: 90.6% of the chosen epitope residues are identical between human and mouse. This bounds the whole batch rather than distinguishing designs, because it is a property of the epitope choice, not of the binder."
bb_120_02_t0.2_1,ph_selectivity,0.7542,0.25,"6 histidine(s) (5.0% of sequence), largest cluster 1 within 12 residues, charge change pH 7.4 -> 6.5 of +2.607 proton units. The charge change is computed exactly; whether those histidines sit at the binding interface is NOT known without complex coordinates. Weakly validated: no measured pH-selectivity data informed this score."
bb_120_02_t0.2_1,ortholog,0.9064,0.35,"no per-species fold scores available, so this falls back to the epitope conservation bound: 90.6% of the chosen epitope residues are identical between human and mouse. This bounds the whole batch rather than distinguishing designs, because it is a property of the epitope choice, not of the binder."
bb_120_02_t0.3_0,ph_selectivity,0.7896,0.25,"5 histidine(s) (4.2% of sequence), largest cluster 2 within 12 residues, charge change pH 7.4 -> 6.5 of +1.820 proton units. The charge change is computed exactly; whether those histidines sit at the binding interface is NOT known without complex coordinates. Weakly validated: no measured pH-selectivity data informed this score."
bb_120_02_t0.3_0,ortholog,0.9064,0.35,"no per-species fold scores available, so this falls back to the epitope conservation bound: 90.6% of the chosen epitope residues are identical between human and mouse. This bounds the whole batch rather than distinguishing designs, because it is a property of the epitope choice, not of the binder."
bb_120_02_t0.3_1,ph_selectivity,0.8208,0.25,"6 histidine(s) (5.0% of sequence), largest cluster 2 within 12 residues, charge change pH 7.4 -> 6.5 of +1.885 proton units. The charge change is computed exactly; whether those histidines sit at the binding interface is NOT known without complex coordinates. Weakly validated: no measured pH-selectivity data informed this score."
bb_120_02_t0.3_1,ortholog,0.9064,0.35,"no per-species fold scores available, so this falls back to the epitope conservation bound: 90.6% of the chosen epitope residues are identical between human and mouse. This bounds the whole batch rather than distinguishing designs, because it is a property of the epitope choice, not of the binder."
bb_120_03_t0.1_0,ph_selectivity,0.0,0.05,"no histidine, so the design cannot be pH-switchable by the histidine-protonation mechanism; charge change from pH 7.4 to 6.5 is +0.083. Weakly validated: no measured pH-selectivity data was used."
bb_120_03_t0.1_0,ortholog,0.9064,0.35,"no per-species fold scores available, so this falls back to the epitope conservation bound: 90.6% of the chosen epitope residues are identical between human and mouse. This bounds the whole batch rather than distinguishing designs, because it is a property of the epitope choice, not of the binder."
bb_120_03_t0.1_1,ph_selectivity,0.0,0.05,"no histidine, so the design cannot be pH-switchable by the histidine-protonation mechanism; charge change from pH 7.4 to 6.5 is +0.051. Weakly validated: no measured pH-selectivity data was used."
bb_120_03_t0.1_1,ortholog,0.9064,0.35,"no per-species fold scores available, so this falls back to the epitope conservation bound: 90.6% of the chosen epitope residues are identical between human and mouse. This bounds the whole batch rather than distinguishing designs, because it is a property of the epitope choice, not of the binder."
bb_120_03_t0.2_0,ph_selectivity,1.0,0.25,"11 histidine(s) (9.2% of sequence), largest cluster 3 within 12 residues, charge change pH 7.4 -> 6.5 of +2.632 proton units. The charge change is computed exactly; whether those histidines sit at the binding interface is NOT known without complex coordinates. Weakly validated: no measured pH-selectivity data informed this score."
bb_120_03_t0.2_0,ortholog,0.9064,0.35,"no per-species fold scores available, so this falls back to the epitope conservation bound: 90.6% of the chosen epitope residues are identical between human and mouse. This bounds the whole batch rather than distinguishing designs, because it is a property of the epitope choice, not of the binder."
bb_120_03_t0.2_1,ph_selectivity,0.95,0.25,"8 histidine(s) (6.7% of sequence), largest cluster 4 within 12 residues, charge change pH 7.4 -> 6.5 of +2.163 proton units. The charge change is computed exactly; whether those histidines sit at the binding interface is NOT known without complex coordinates. Weakly validated: no measured pH-selectivity data informed this score."
bb_120_03_t0.2_1,ortholog,0.9064,0.35,"no per-species fold scores available, so this falls back to the epitope conservation bound: 90.6% of the chosen epitope residues are identical between human and mouse. This bounds the whole batch rather than distinguishing designs, because it is a property of the epitope choice, not of the binder."
bb_120_03_t0.3_0,ph_selectivity,0.4739,0.2748,"1 histidine(s) (0.8% of sequence), largest cluster 1 within 12 residues, charge change pH 7.4 -> 6.5 of +0.752 proton units. The charge change is computed exactly; whether those histidines sit at the binding interface is NOT known without complex coordinates. Weakly validated: no measured pH-selectivity data informed this score."
bb_120_03_t0.3_0,ortholog,0.9064,0.35,"no per-species fold scores available, so this falls back to the epitope conservation bound: 90.6% of the chosen epitope residues are identical between human and mouse. This bounds the whole batch rather than distinguishing designs, because it is a property of the epitope choice, not of the binder."
bb_120_03_t0.3_1,ph_selectivity,0.825,0.25,"4 histidine(s) (3.3% of sequence), largest cluster 3 within 12 residues, charge change pH 7.4 -> 6.5 of +1.238 proton units. The charge change is computed exactly; whether those histidines sit at the binding interface is NOT known without complex coordinates. Weakly validated: no measured pH-selectivity data informed this score."
bb_120_03_t0.3_1,ortholog,0.9064,0.35,"no per-species fold scores available, so this falls back to the epitope conservation bound: 90.6% of the chosen epitope residues are identical between human and mouse. This bounds the whole batch rather than distinguishing designs, because it is a property of the epitope choice, not of the binder."
