design_id,rank,included,reason
bb_55_00_t0.3_1,1,True,"selected: ph_selectivity=1.000, ortholog=0.906, affinity proxy (ipSAE) 0.585, batch cluster 5"
bb_120_02_t0.3_0,2,True,"selected: ph_selectivity=0.981, ortholog=0.906, affinity proxy (ipSAE) 0.400, batch cluster 64"
bb_120_03_t0.2_1,3,True,"selected: ph_selectivity=0.758, ortholog=0.906, affinity proxy (ipSAE) 0.701, batch cluster 69"
bb_120_00_t0.2_0,4,True,"selected: ph_selectivity=0.758, ortholog=0.906, affinity proxy (ipSAE) 0.381, batch cluster 50"
bb_55_03_t0.3_0,5,True,"selected: ph_selectivity=0.707, ortholog=0.906, affinity proxy (ipSAE) 0.958, batch cluster 22"
bb_87_03_t0.2_0,6,True,"selected: ph_selectivity=0.696, ortholog=0.906, affinity proxy (ipSAE) 0.484, batch cluster 44"
bb_55_01_t0.3_1,7,True,"selected: ph_selectivity=0.655, ortholog=0.906, affinity proxy (ipSAE) 0.568, batch cluster 11"
bb_55_02_t0.2_0,8,True,"selected: ph_selectivity=0.543, ortholog=0.906, affinity proxy (ipSAE) 0.835, batch cluster 14"
bb_55_02_t0.3_1,9,True,"selected: ph_selectivity=0.501, ortholog=0.906, affinity proxy (ipSAE) 0.634, batch cluster 17"
bb_55_01_t0.2_1,10,True,"selected: ph_selectivity=0.249, ortholog=0.906, affinity proxy (ipSAE) 0.369, batch cluster 9"
bb_55_01_t0.1_1,11,True,"selected: ph_selectivity=0.000, ortholog=0.906, affinity proxy (ipSAE) 0.585, batch cluster 7"
bb_55_02_t0.3_0,12,True,"selected: ph_selectivity=0.000, ortholog=0.906, affinity proxy (ipSAE) 0.545, batch cluster 16"
bb_120_00_t0.1_0,13,True,"selected: ph_selectivity=0.000, ortholog=0.906, affinity proxy (ipSAE) 0.476, batch cluster 48"
bb_87_03_t0.1_1,14,True,"selected: ph_selectivity=0.000, ortholog=0.906, affinity proxy (ipSAE) 0.469, batch cluster 43"
bb_55_03_t0.2_1,15,True,"selected: ph_selectivity=0.000, ortholog=0.906, affinity proxy (ipSAE) 0.459, batch cluster 21"
bb_87_02_t0.1_0,16,True,"selected: ph_selectivity=0.000, ortholog=0.906, affinity proxy (ipSAE) 0.303, batch cluster 36"
bb_87_00_t0.1_1,17,True,"selected: ph_selectivity=0.000, ortholog=0.906, affinity proxy (ipSAE) 0.102, batch cluster 25"
bb_55_00_t0.1_0,,False,"rejected: liability cap breached (unpaired_cys=0, glyc_sequons=2, net_charge=-0.00, lowcomplexity_run=2)"
bb_55_00_t0.1_1,,False,"rejected: liability cap breached (unpaired_cys=0, glyc_sequons=1, net_charge=-2.00, lowcomplexity_run=2)"
bb_55_00_t0.2_0,,False,"rejected: novelty gate: REJECTED as resembling a known binder: 25.4% identity to EREG_HUMAN_O14944 exceeds the 25% known-binder cutoff; structural novelty NOT CHECKED (no Foldseek/TM comparison available); liability cap breached (unpaired_cys=1, glyc_sequons=0, net_charge=-1.40, lowcomplexity_run=2); self-consistency RMSD 2.63 A exceeds the 2.0 A floor"
bb_55_00_t0.2_1,,False,"rejected: liability cap breached (unpaired_cys=1, glyc_sequons=0, net_charge=-1.00, lowcomplexity_run=2); self-consistency RMSD 2.39 A exceeds the 2.0 A floor"
bb_55_00_t0.3_0,,False,rejected: self-consistency RMSD 2.48 A exceeds the 2.0 A floor
bb_55_01_t0.1_0,,False,rejected: self-consistency RMSD 2.31 A exceeds the 2.0 A floor
bb_55_01_t0.2_0,,False,rejected: self-consistency RMSD 2.13 A exceeds the 2.0 A floor
bb_55_01_t0.3_0,,False,"rejected: liability cap breached (unpaired_cys=1, glyc_sequons=0, net_charge=-0.44, lowcomplexity_run=3)"
bb_55_02_t0.1_0,,False,"rejected: liability cap breached (unpaired_cys=0, glyc_sequons=1, net_charge=-3.00, lowcomplexity_run=2); self-consistency RMSD 2.66 A exceeds the 2.0 A floor"
bb_55_02_t0.1_1,,False,rejected: self-consistency RMSD 2.01 A exceeds the 2.0 A floor
bb_55_02_t0.2_1,,False,"rejected: novelty gate: REJECTED as resembling a known binder: 25.4% identity to EGF_HUMAN_P01133 exceeds the 25% known-binder cutoff; structural novelty NOT CHECKED (no Foldseek/TM comparison available); liability cap breached (unpaired_cys=1, glyc_sequons=0, net_charge=-2.05, lowcomplexity_run=2)"
bb_55_03_t0.1_0,,False,rejected: self-consistency RMSD 2.21 A exceeds the 2.0 A floor
bb_55_03_t0.1_1,,False,"rejected: liability cap breached (unpaired_cys=0, glyc_sequons=1, net_charge=-4.00, lowcomplexity_run=2)"
bb_55_03_t0.2_0,,False,"rejected: liability cap breached (unpaired_cys=0, glyc_sequons=1, net_charge=-1.82, lowcomplexity_run=2)"
bb_55_03_t0.3_1,,False,"rejected: liability cap breached (unpaired_cys=0, glyc_sequons=1, net_charge=3.93, lowcomplexity_run=2)"
bb_87_00_t0.1_0,,False,"rejected: liability cap breached (unpaired_cys=0, glyc_sequons=2, net_charge=4.00, lowcomplexity_run=2)"
bb_87_00_t0.2_0,,False,"rejected: liability cap breached (unpaired_cys=1, glyc_sequons=2, net_charge=1.47, lowcomplexity_run=2); self-consistency RMSD 2.71 A exceeds the 2.0 A floor"
bb_87_00_t0.2_1,,False,"rejected: liability cap breached (unpaired_cys=1, glyc_sequons=1, net_charge=-0.32, lowcomplexity_run=2)"
bb_87_00_t0.3_0,,False,"rejected: liability cap breached (unpaired_cys=1, glyc_sequons=0, net_charge=-2.57, lowcomplexity_run=2)"
bb_87_00_t0.3_1,,False,"rejected: liability cap breached (unpaired_cys=1, glyc_sequons=1, net_charge=1.11, lowcomplexity_run=2)"
bb_87_01_t0.1_0,,False,"rejected: liability cap breached (unpaired_cys=0, glyc_sequons=2, net_charge=-4.00, lowcomplexity_run=2); self-consistency RMSD 2.12 A exceeds the 2.0 A floor"
bb_87_01_t0.1_1,,False,"rejected: liability cap breached (unpaired_cys=0, glyc_sequons=1, net_charge=4.99, lowcomplexity_run=2); self-consistency RMSD 2.13 A exceeds the 2.0 A floor"
bb_87_01_t0.2_0,,False,"rejected: liability cap breached (unpaired_cys=1, glyc_sequons=1, net_charge=-4.78, lowcomplexity_run=2)"
bb_87_01_t0.2_1,,False,"rejected: liability cap breached (unpaired_cys=0, glyc_sequons=1, net_charge=3.49, lowcomplexity_run=2); self-consistency RMSD 3.20 A exceeds the 2.0 A floor"
bb_87_01_t0.3_0,,False,"rejected: liability cap breached (unpaired_cys=0, glyc_sequons=1, net_charge=-6.84, lowcomplexity_run=2)"
bb_87_01_t0.3_1,,False,"rejected: liability cap breached (unpaired_cys=1, glyc_sequons=0, net_charge=2.04, lowcomplexity_run=2)"
bb_87_02_t0.1_1,,False,"rejected: liability cap breached (unpaired_cys=0, glyc_sequons=2, net_charge=-4.00, lowcomplexity_run=2)"
bb_87_02_t0.2_0,,False,"rejected: liability cap breached (unpaired_cys=1, glyc_sequons=0, net_charge=-7.61, lowcomplexity_run=2)"
bb_87_02_t0.2_1,,False,"rejected: liability cap breached (unpaired_cys=0, glyc_sequons=2, net_charge=-2.60, lowcomplexity_run=3)"
bb_87_02_t0.3_0,,False,"rejected: liability cap breached (unpaired_cys=1, glyc_sequons=1, net_charge=-4.81, lowcomplexity_run=3)"
bb_87_02_t0.3_1,,False,"rejected: liability cap breached (unpaired_cys=0, glyc_sequons=1, net_charge=1.21, lowcomplexity_run=3)"
bb_87_03_t0.1_0,,False,"rejected: liability cap breached (unpaired_cys=0, glyc_sequons=2, net_charge=6.99, lowcomplexity_run=3)"
bb_87_03_t0.2_1,,False,"rejected: liability cap breached (unpaired_cys=1, glyc_sequons=0, net_charge=-0.53, lowcomplexity_run=2)"
bb_87_03_t0.3_0,,False,"rejected: liability cap breached (unpaired_cys=1, glyc_sequons=0, net_charge=-8.24, lowcomplexity_run=2); self-consistency RMSD 2.42 A exceeds the 2.0 A floor"
bb_87_03_t0.3_1,,False,"rejected: liability cap breached (unpaired_cys=0, glyc_sequons=2, net_charge=-4.10, lowcomplexity_run=3)"
bb_120_00_t0.1_1,,False,"rejected: liability cap breached (unpaired_cys=0, glyc_sequons=1, net_charge=-7.00, lowcomplexity_run=3)"
bb_120_00_t0.2_1,,False,"rejected: liability cap breached (unpaired_cys=1, glyc_sequons=0, net_charge=-10.70, lowcomplexity_run=3)"
bb_120_00_t0.3_0,,False,"rejected: liability cap breached (unpaired_cys=1, glyc_sequons=0, net_charge=4.25, lowcomplexity_run=3)"
bb_120_00_t0.3_1,,False,"rejected: liability cap breached (unpaired_cys=1, glyc_sequons=0, net_charge=8.39, lowcomplexity_run=2)"
bb_120_01_t0.1_0,,False,"rejected: liability cap breached (unpaired_cys=0, glyc_sequons=1, net_charge=4.00, lowcomplexity_run=3)"
bb_120_01_t0.1_1,,False,"rejected: liability cap breached (unpaired_cys=0, glyc_sequons=1, net_charge=-0.00, lowcomplexity_run=2)"
bb_120_01_t0.2_0,,False,rejected: self-consistency RMSD 3.10 A exceeds the 2.0 A floor
bb_120_01_t0.2_1,,False,"rejected: liability cap breached (unpaired_cys=1, glyc_sequons=0, net_charge=1.17, lowcomplexity_run=2); self-consistency RMSD 2.03 A exceeds the 2.0 A floor"
bb_120_01_t0.3_0,,False,"rejected: liability cap breached (unpaired_cys=1, glyc_sequons=0, net_charge=-4.25, lowcomplexity_run=2)"
bb_120_01_t0.3_1,,False,"rejected: liability cap breached (unpaired_cys=0, glyc_sequons=2, net_charge=5.77, lowcomplexity_run=3)"
bb_120_02_t0.1_0,,False,"rejected: liability cap breached (unpaired_cys=0, glyc_sequons=1, net_charge=-12.00, lowcomplexity_run=3); self-consistency RMSD 2.19 A exceeds the 2.0 A floor"
bb_120_02_t0.1_1,,False,"rejected: liability cap breached (unpaired_cys=0, glyc_sequons=2, net_charge=-2.00, lowcomplexity_run=2)"
bb_120_02_t0.2_0,,False,"rejected: liability cap breached (unpaired_cys=1, glyc_sequons=0, net_charge=3.90, lowcomplexity_run=2)"
bb_120_02_t0.2_1,,False,"rejected: liability cap breached (unpaired_cys=1, glyc_sequons=0, net_charge=-4.22, lowcomplexity_run=2)"
bb_120_02_t0.3_1,,False,"rejected: liability cap breached (unpaired_cys=1, glyc_sequons=0, net_charge=-0.11, lowcomplexity_run=3); self-consistency RMSD 2.16 A exceeds the 2.0 A floor"
bb_120_03_t0.1_0,,False,"rejected: liability cap breached (unpaired_cys=0, glyc_sequons=2, net_charge=14.99, lowcomplexity_run=3); self-consistency RMSD 2.26 A exceeds the 2.0 A floor"
bb_120_03_t0.1_1,,False,"rejected: liability cap breached (unpaired_cys=0, glyc_sequons=2, net_charge=10.99, lowcomplexity_run=2)"
bb_120_03_t0.2_0,,False,"rejected: liability cap breached (unpaired_cys=1, glyc_sequons=1, net_charge=5.10, lowcomplexity_run=2)"
bb_120_03_t0.3_0,,False,"rejected: liability cap breached (unpaired_cys=0, glyc_sequons=1, net_charge=-9.27, lowcomplexity_run=2)"
bb_120_03_t0.3_1,,False,"rejected: liability cap breached (unpaired_cys=0, glyc_sequons=2, net_charge=1.11, lowcomplexity_run=2)"
